0,1497.070069,289.899377,131.8676024,1333.197118,362.118391,395.6433168,391.0638173,508.5818745,656.0462958,560.7130941,734.3438225,662.2289421,754.3020283,750.1689709,964.4468972,806.8919534,875.2976696,913.944999,1182.381817,1160.63329,1104.877682,1291.55037,1726.897755,1353.124235,1579.998585,1243.775838,1569.791862,1807.400639,2206.112469,2116.068867,2019.108387,1480.394539,1604.112222,1480.6341,1333.615619,1197.46735,1518.849725,1215.722783,1934.009673,1100.644755,1502.662258,1644.249454,1077.704366,1035.590379,978.3036093,1495.035039,997.0424062,1349.885303,1502.748872,1799.866641,933.0646071,1197.8817,742.6842775,1532.753852,1047.174842,1390.957422,898.8698054,1580.566828,1310.809531,561.3278334,1615.441403,1179.137367,910.2808728,692.3820566,1096.973357,427.3361529,1666.583231,928.1268503,1302.006499,958.9822039,1468.761462,371.1891251,1034.582799,282.5914046,1346.298617,589.6474267,1087.363661,1607.191342,40.62981267,1164.582343,396.2390497,274.8878431,967.4018621,791.8591108
1497.070069,0,1785.611582,1572.602255,227.6813899,1292.093496,1699.336402,1423.707025,1227.547272,2051.792256,1793.271353,1158.752247,1735.37615,1916.996198,1868.464587,1175.393551,1680.988083,1954.935152,1767.729443,1259.839791,1300.656907,1443.772023,1395.886557,231.2707143,490.1137538,2030.604091,2044.635232,1518.033794,1915.342328,1597.431099,1592.201509,1597.996903,1863.036603,1615.489638,1590.005878,1577.633316,1884.933761,1299.990795,1576.806091,1148.660526,2045.759947,1175.657339,1105.704626,1593.86611,1977.148967,1922.989995,1044.29664,1435.396442,1001.088248,920.6206009,871.7805143,1261.722608,981.955338,1726.910295,742.5093301,980.5027929,682.2784404,1005.911534,597.0975927,661.6902369,1538.008311,524.7023686,646.7903124,860.789804,1073.399258,655.0529581,1472.626695,439.2173016,781.9468378,480.3211661,688.5649149,283.7563565,1240.14632,526.3650867,1295.370902,247.5862774,2074.512652,438.79708,142.6434752,1523.280408,335.2231314,1893.245733,1771.927785,2127.64905,2241.471557
289.899377,1785.611582,0,230.9860818,1617.465507,577.6106882,352.3800767,533.809325,714.3597882,439.6108111,489.6455376,930.6741156,647.0996221,666.2226664,686.1126036,1145.654151,835.8002406,801.5214844,924.1696149,1348.420331,1317.872835,1228.234182,1435.820869,2015.798239,1620.488624,1671.711251,1277.177548,1758.76244,1951.661703,2434.364338,2337.672968,2232.137259,1596.650159,1780.16167,1650.775193,1494.238324,1270.729479,1735.982104,1367.278279,2189.158294,1104.580407,1734.52916,1889.504291,1214.535735,1050.732755,1001.960181,1740.979986,1166.401411,1596.766435,1760.470144,2070.202627,1138.089303,1445.392586,802.7721344,1804.361041,1296.162982,1664.923335,1149.031763,1860.834429,1586.131673,685.577993,1899.166748,1457.072538,1179.004881,945.0762338,1376.471622,584.3233213,1953.653683,1204.303811,1586.692071,1241.676934,1757.788171,631.3703195,1323.427815,546.7871261,1636.070727,331.8649637,1377.228219,1896.815849,269.5979611,1453.856499,114.5695124,37.51893348,901.3218652,525.1298933
131.8676024,1572.602255,230.9860818,0,1397.00529,347.9821703,265.9234075,325.0593225,488.0349697,532.768879,431.3260161,708.8143176,543.5897731,625.0495062,623.7911877,930.3721138,702.1707374,748.5611569,804.9996052,1140.285175,1113.485784,1040.006706,1238.066709,1803.624853,1390.826274,1700.022964,1348.879752,1701.571287,1936.100754,2335.810626,2246.59642,2150.38285,1604.67366,1735.402675,1611.480083,1463.526064,1312.314087,1650.044236,1344.489132,2057.876965,1196.404391,1632.320834,1771.253029,1204.181935,1134.192474,1078.89682,1622.057751,1127.235508,1476.89603,1626.271708,1917.033198,1064.932152,1325.011691,850.7428744,1649.576855,1174.278843,1506.506901,1026.105635,1690.354891,1425.568052,681.9838718,1721.031075,1292.15807,1030.603044,819.8065185,1208.842015,552.2148713,1766.259207,1043.588249,1406.922526,1067.940118,1562.976072,499.1417708,1130.915718,410.7095342,1435.992267,560.4662791,1176.40822,1688.519705,149.2148097,1244.482679,345.5511619,233.5755139,1038.366692,684.3349027
1333.197118,227.6813899,1617.465507,1397.00529,0,1097.46305,1503.423083,1222.609599,1021.006204,1856.763227,1588.242069,937.4503279,1521.542358,1704.125409,1653.957084,947.7375508,1459.221117,1736.799757,1543.799416,1035.600226,1075.360328,1216.521671,1174.173174,438.9313916,293.8739803,2048.619937,2009.976149,1587.070615,1980.562099,1757.236887,1739.516482,1730.151081,1883.664889,1680.506525,1637.592976,1602.52961,1860.025373,1380.887346,1582.735111,1316.665918,1989.145979,1264.793378,1227.806333,1576.428451,1918.211104,1861.113018,1143.47477,1415.884696,1073.806426,1032.141114,1047.776889,1239.425354,1022.693865,1648.343346,876.8682483,987.1294864,785.2982863,978.450541,757.9492306,742.6326314,1445.591162,702.7631226,685.3349102,828.1990022,1001.831693,664.595733,1363.418985,640.7317678,746.1363995,560.0056521,648.1916629,443.1209658,1114.981769,473.5501741,1158.81885,334.8262698,1919.471,374.4752498,370.3235156,1362.71393,246.3916558,1728.148768,1607.038879,2040.283969,2052.860639
362.118391,1292.093496,577.6106882,347.9821703,1097.46305,0,407.2486493,147.329959,146.47975,760.084466,514.5383324,372.245375,511.5199648,671.8702331,638.578206,602.7202224,571.8093762,752.4491682,685.6247326,822.2345297,802.8072643,762.84435,936.9568704,1522.479897,1057.80592,1842.590506,1556.181865,1721.364972,2011.661584,2272.54083,2197.535664,2118.707665,1723.020625,1773.284679,1661.8949,1532.603131,1485.218349,1625.228643,1430.592006,1942.439151,1431.496374,1580.48798,1686.566418,1315.32317,1362.865062,1303.124831,1540.998346,1202.682314,1399.778749,1516.857949,1763.288447,1093.233993,1254.247754,1058.528652,1499.453419,1109.861683,1353.67775,971.3603519,1506.934905,1271.329036,850.7898617,1520.585554,1134.486813,924.8540001,783.7568118,1049.490099,710.3897492,1544.589063,910.3506768,1211.701601,903.3544116,1328.479168,520.4321864,916.6836433,459.8100412,1191.67628,908.3553672,938.3837685,1418.704849,402.744396,980.6656412,691.7502994,581.5255682,1323.125435,956.3035327
395.6433168,1699.336402,352.3800767,265.9234075,1503.423083,407.2486493,0,286.5084979,495.9475023,353.3442475,165.4029265,672.8355928,297.4143819,359.1266078,360.0609563,858.5408851,483.5317633,484.0341042,572.9044195,1041.51647,1005.129363,896.7584451,1112.206024,1929.717437,1445.634396,1961.812186,1597.39855,1963.533972,2202.015077,2583.065451,2497.28664,2404.793519,1869.316358,1999.351857,1876.227805,1729.092881,1570.349782,1904.461216,1610.389441,2287.566065,1435.609513,1880.404534,2010.538182,1469.832165,1376.977424,1324.184458,1861.806062,1392.617705,1717.073676,1856.450947,2130.146124,1325.634211,1566.100332,1104.766609,1863.221576,1415.983601,1718.134219,1268.992864,1887.678382,1636.031603,945.6541405,1908.847427,1500.030817,1257.140391,1064.686242,1415.187181,817.7554507,1940.877606,1259.592717,1596.267622,1270.270983,1728.109787,749.0416905,1307.042065,662.565767,1593.52668,646.4781498,1337.299161,1825.481522,415.0547834,1385.967625,435.4511788,381.2183105,1249.594221,557.2484827
391.0638173,1423.707025,533.809325,325.0593225,1222.609599,147.329959,286.5084979,0,209.4904893,637.4459979,372.2098973,402.2335975,365.7490087,524.6184045,491.4941165,611.860969,446.6818528,606.564386,559.9407961,816.8809469,788.8934124,717.4948076,913.0472466,1652.92304,1159.171196,1939.713767,1628.073976,1850.060327,2128.692053,2415.123562,2338.394651,2257.141531,1827.278221,1898.398357,1783.81493,1649.489339,1570.241217,1761.554576,1542.539798,2088.851537,1490.411051,1720.563281,1830.515983,1419.512084,1424.410752,1366.326328,1684.337719,1315.857577,1542.379076,1662.516034,1910.618401,1216.743839,1395.670801,1126.762288,1646.734911,1249.860578,1500.953749,1109.14307,1653.731695,1418.596324,930.898206,1666.355627,1281.745858,1068.624246,916.5635427,1196.728999,790.9697343,1688.185914,1056.274856,1358.232265,1050.576852,1470.784834,634.0530052,1062.578773,562.5786607,1332.802648,863.3458527,1081.596893,1553.121896,429.1709955,1118.78013,642.6717143,546.9912258,1354.642325,843.7317972
508.5818745,1227.547272,714.3597882,488.0349697,1021.006204,146.47975,495.9475023,209.4904893,0,845.6946,567.2372168,225.7666551,516.9390487,694.1384784,650.3040853,456.8062853,522.4850404,750.7712352,632.4490736,677.5694223,660.0046171,632.147556,796.2002529,1454.955664,949.6917931,1956.287463,1687.10947,1797.682008,2104.436632,2312.554174,2243.868864,2172.51981,1830.717376,1855.37963,1749.220823,1627.233786,1608.850292,1686.240861,1531.534478,1962.344258,1568.396137,1631.485042,1722.642402,1424.755134,1498.912105,1438.668141,1580.465326,1303.559268,1443.043087,1544.289677,1766.873284,1181.646703,1302.816945,1192.82487,1508.064373,1164.282693,1363.286921,1033.544186,1498.543106,1281.781302,980.5771061,1502.858576,1146.256495,967.4771139,860.0789462,1062.672604,841.2197945,1514.607455,940.9327278,1201.944682,918.6789031,1293.842052,630.2690135,903.9172594,581.0903175,1153.252699,1046.173018,910.1076287,1360.112987,549.2045157,933.7620975,827.3921845,721.0698447,1467.51377,1053.193891
656.0462958,2051.792256,439.6108111,532.768879,1856.763227,760.084466,353.3442475,637.4459979,845.6946,0,312.3481475,1004.842372,471.5292037,366.102869,417.7942454,1164.98446,667.9470554,488.0492338,709.5404196,1321.524697,1278.567091,1142.005177,1364.929209,2282.39637,1793.839919,2101.412072,1688.785015,2195.402344,2390.674292,2857.317379,2764.16054,2662.369278,2032.547809,2218.78803,2089.841718,1933.733686,1697.881417,2163.822824,1806.888913,2589.734278,1505.354098,2154.594611,2299.875184,1653.831555,1458.699424,1415.138213,2150.681501,1604.870048,2005.573012,2158.283838,2449.147029,1568.891525,1853.549218,1233.203867,2181.648308,1702.906537,2038.119791,1554.59839,2217.910926,1956.862493,1125.188744,2244.468135,1822.656667,1563.354276,1348.137037,1738.779906,1020.924142,2282.527038,1575.538721,1930.588522,1596.273969,2072.826835,1027.033081,1646.732115,938.5079711,1940.257821,551.5641857,1682.438766,2176.84358,656.5052079,1735.909318,432.2651606,476.6161112,1265.498555,220.7326857
560.7130941,1793.271353,489.6455376,431.3260161,1588.242069,514.5383324,165.4029265,372.2098973,567.2372168,312.3481475,0,701.8377304,175.781829,193.7276353,198.8638992,853.1152234,378.9828133,320.5884483,447.630592,1010.560829,968.5281326,838.0251554,1059.955405,2021.533805,1502.25023,2125.223442,1754.674415,2126.907777,2367.409926,2738.485048,2654.587022,2564.107259,2034.125203,2163.727,2041.020143,1894.306055,1732.132914,2064.067239,1775.776512,2433.969963,1588.833132,2036.854996,2162.356187,1635.12474,1532.006193,1480.479352,2014.091193,1557.755477,1869.829769,2003.909973,2268.113758,1488.65605,1719.607174,1265.330267,2002.217675,1570.135276,1856.605941,1424.089882,2018.125327,1774.248054,1110.23629,2034.213963,1637.600698,1404.851064,1221.324032,1552.481469,983.0393838,2059.085692,1402.428238,1724.017078,1406.615884,1842.465186,908.9809203,1430.394415,823.6076653,1704.850104,744.5176849,1452.736671,1924.016642,580.4484391,1490.912516,552.1929622,522.7987137,1390.681549,533.0713883
734.3438225,1158.752247,930.6741156,708.8143176,937.4503279,372.245375,672.8355928,402.2335975,225.7666551,1004.842372,701.8377304,0,598.9577238,781.8518886,727.2149965,233.0949186,522.2361517,801.3637781,612.110201,456.5950471,444.2231529,449.4052644,584.3449042,1376.203418,808.0280604,2139.955024,1893.788615,1932.069064,2259.362609,2391.549348,2332.538231,2272.471904,2007.004048,1997.216486,1898.920422,1787.572286,1806.603195,1800.587635,1700.827436,2014.654669,1782.705585,1732.488119,1801.301571,1605.645218,1712.308347,1651.58039,1665.84855,1474.769516,1535.879942,1612.935368,1797.003071,1338.764075,1405.491947,1404.936131,1549.668982,1277.745741,1409.174918,1160.334385,1514.614625,1330.750827,1188.626188,1504.419181,1200.743131,1070.667407,1009.288995,1121.833059,1051.341415,1496.650878,1028.891328,1222.713613,986.4126174,1273.122559,822.7392716,931.2623156,785.4329967,1130.318009,1262.128621,913.0952484,1298.372136,774.9643941,905.2749219,1041.916333,940.0582518,1690.910356,1221.355502
662.2289421,1735.37615,647.0996221,543.5897731,1521.542358,511.5199648,297.4143819,365.7490087,516.9390487,471.5292037,175.781829,598.9577238,0,183.3300941,133.6016989,716.1662055,203.2748718,240.9354851,277.54855,854.6000889,809.9756179,670.4809088,893.4036144,1959.475642,1406.924887,2241.892415,1889.855646,2200.608836,2461.900205,2779.994623,2702.027657,2618.583604,2142.036966,2244.065188,2125.455382,1984.626389,1855.868042,2121.234921,1871.209681,2453.948778,1731.18613,2083.797435,2196.093989,1737.783632,1671.530318,1617.833708,2049.702741,1648.165689,1907.416531,2028.144138,2271.799812,1563.313653,1760.069597,1393.689162,2009.213572,1613.382825,1863.542005,1471.138548,2009.877338,1781.300806,1223.108606,2017.622187,1644.579932,1434.231311,1274.847482,1559.755875,1089.426303,2031.466134,1421.759688,1713.448325,1413.783091,1810.777164,977.4600629,1415.955912,897.6671319,1670.078796,917.9694191,1426.379525,1870.771808,689.4565293,1449.813655,719.8382719,677.4822176,1546.66808,689.7597178
754.3020283,1916.996198,666.2226664,625.0495062,1704.125409,671.8702331,359.1266078,524.6184045,694.1384784,366.102869,193.7276353,781.8518886,183.3300941,0,61.77328548,888.5979791,329.8240572,136.1729852,348.441599,1009.985897,962.5547658,809.6109966,1031.45456,2141.741582,1589.603816,2316.721296,1940.107742,2318.867903,2561.13756,2922.47421,2840.498929,2752.0515,2227.12599,2356.605078,2234.27669,2087.917573,1922.071255,2252.482939,1969.502905,2609.094934,1770.491163,2222.260528,2343.149681,1828.684361,1715.50274,1665.268393,2195.490747,1751.315379,2051.844106,2180.621587,2434.960966,1680.43702,1902.518115,1454.40614,2170.605032,1753.84918,2024.811493,1608.88247,2177.958124,1942.418896,1303.116912,2188.890075,1805.552395,1582.996576,1407.805547,1720.459451,1176.610298,2206.417455,1576.117118,1882.133885,1574.281254,1986.747528,1098.711128,1585.684924,1014.310331,1846.774629,884.0638164,1600.270627,2051.732349,774.1515739,1627.894638,712.9299726,701.3950772,1561.198295,566.4973226
750.1689709,1868.464587,686.1126036,623.7911877,1653.957084,638.578206,360.0609563,491.4941165,650.3040853,417.7942454,198.8638992,727.2149965,133.6016989,61.77328548,0,828.3860969,268.1624985,125.1956542,292.1732298,948.2230541,900.7824773,748.2049653,970.2400414,2092.147753,1534.152087,2321.869082,1953.535438,2307.104642,2557.2285,2899.947819,2819.88349,2733.74952,2228.448507,2347.248885,2226.379376,2082.150436,1929.993431,2235.021717,1965.614018,2579.998203,1787.373316,2201.46229,2318.21547,1827.511914,1730.784336,1679.336004,2171.142997,1745.33687,2028.113528,2152.85307,2401.258201,1668.73054,1879.681503,1463.654641,2137.904767,1731.876645,1992.149201,1588.084658,2141.130202,1909.823321,1305.26306,2149.89129,1773.000999,1556.877597,1388.999374,1688.03405,1175.854692,2164.646537,1547.115729,1844.860982,1541.915808,1944.128247,1084.469253,1547.655541,1001.759214,1803.529536,920.9382922,1559.277785,2004.101364,772.8193571,1583.391476,741.1461005,720.0541408,1585.655978,623.3991946
964.4468972,1175.393551,1145.654151,930.3721138,947.7375508,602.7202224,858.5408851,611.860969,456.8062853,1164.98446,853.1152234,233.0949186,716.1662055,888.5979791,828.3860969,0,577.6872444,873.0140109,633.6710762,224.4343911,218.6181789,283.3976097,360.9031133,1374.749477,752.3276832,2356.411581,2122.738754,2116.230175,2456.699304,2528.929668,2478.443427,2428.029148,2219.261371,2186.386712,2094.108991,1990.448628,2031.466329,1970.806635,1909.796383,2131.970724,2014.554172,1893.088873,1943.303334,1821.896455,1943.904161,1883.051112,1814.851513,1685.974466,1692.390659,1748.997167,1897.0506,1542.386293,1571.263981,1636.302902,1663.734035,1453.223758,1529.549719,1346.730701,1606.454949,1455.38206,1418.883935,1582.922832,1333.025132,1242.846405,1211.869225,1259.995503,1282.47095,1556.439739,1191.38957,1325.74397,1135.367589,1335.912619,1048.530465,1050.468754,1015.488443,1195.714046,1474.808422,1012.258655,1318.014168,1005.066992,975.6376007,1254.135642,1158.025669,1923.702716,1385.38904
806.8919534,1680.988083,835.8002406,702.1707374,1459.221117,571.8093762,483.5317633,446.6818528,522.4850404,667.9470554,378.9828133,522.2361517,203.2748718,329.8240572,268.1624985,577.6872444,0,295.3267693,113.8803145,681.4313036,633.3261997,480.4995693,703.0394686,1897.671746,1310.110792,2380.247461,2049.179667,2292.739644,2575.366437,2833.188717,2762.269901,2687.120248,2271.470467,2343.183837,2229.732801,2096.149464,2003.443576,2195.748989,1988.969266,2484.487731,1898.548156,2147.283238,2243.963763,1864.139933,1836.261536,1780.623415,2100.841861,1762.471111,1962.053933,2066.68767,2284.937878,1661.945299,1819.435948,1548.931908,2028.341754,1677.595446,1884.078552,1541.514388,2011.441834,1802.909218,1364.914197,2009.407027,1667.868688,1485.916497,1355.564705,1584.626866,1226.953628,2010.188238,1462.520969,1715.627555,1441.018364,1786.978787,1080.649447,1418.339314,1008.778918,1644.386243,1118.36253,1414.579828,1820.514076,839.280381,1419.987681,915.7256417,863.7144143,1728.515018,882.3853618
875.2976696,1954.935152,801.5214844,748.5611569,1736.799757,752.4491682,484.0341042,606.564386,750.7712352,488.0492338,320.5884483,801.3637781,240.9354851,136.1729852,125.1956542,873.0140109,295.3267693,0,268.6213281,966.3482156,916.2789292,752.130271,968.6156435,2175.713745,1600.717452,2445.58565,2073.613871,2431.485253,2682.418214,3019.702842,2940.774642,2855.824538,2353.09236,2472.084987,2351.407356,2207.328038,2052.708074,2357.559404,2090.798253,2694.86147,1905.270727,2322.395035,2436.518961,1952.502535,1849.724287,1799.007063,2289.910036,1870.513426,2147.351168,2269.04707,2511.551099,1793.205906,1999.551143,1585.74591,2249.453786,1852.330491,2103.839876,1709.258574,2247.808013,2021.647846,1429.641577,2253.586677,1884.989093,1674.734924,1511.246285,1800.234297,1300.729821,2264.047691,1662.688732,1951.228246,1654.336126,2042.338588,1208.506444,1653.394354,1126.241693,1900.837149,1017.804125,1660.698278,2092.432852,897.6735053,1678.78252,849.0595805,836.3950847,1697.347078,673.2192567
913.944999,1767.729443,924.1696149,804.9996052,1543.799416,685.6247326,572.9044195,559.9407961,632.4490736,709.5404196,447.630592,612.110201,277.54855,348.441599,292.1732298,633.6710762,113.8803145,268.6213281,0,703.2619371,652.2301716,484.7802393,700.0360691,1980.876362,1380.091068,2490.277965,2153.722818,2406.619402,2688.56578,2944.571619,2874.435124,2800.024311,2382.927235,2457.000957,2343.386083,2209.39676,2111.342552,2309.143612,2101.692874,2592.760904,2000.009123,2259.939571,2354.950477,1975.863966,1938.747668,1883.809637,2212.300494,1875.418217,2073.973535,2176.531499,2390.053479,1775.705881,1931.890693,1654.458182,2134.941743,1790.518805,1991.120626,1654.892284,2114.315805,1910.256189,1473.666702,2109.873574,1775.710255,1597.899224,1469.379733,1692.871019,1336.403087,2107.064948,1573.293883,1819.146608,1549.896962,1883.591888,1193.993332,1522.590671,1121.482947,1740.812592,1192.099582,1515.504937,1908.349189,945.1665455,1515.922914,997.0312766,953.977596,1822.338943,914.8190372
1182.381817,1259.839791,1348.420331,1140.285175,1035.600226,822.2345297,1041.51647,816.8809469,677.5694223,1321.524697,1010.560829,456.5950471,854.6000889,1009.985897,948.2230541,224.4343911,681.4313036,966.3482156,703.2619371,0,52.70718335,228.9998748,152.7831111,1437.642064,792.5452404,2575.280437,2346.915352,2315.938074,2664.232216,2693.86704,2650.006301,2606.899007,2435.972649,2389.178917,2300.916544,2202.101347,2254.369819,2161.711051,2125.043195,2283.528698,2238.894294,2077.774282,2114.546262,2041.062128,2168.292542,2107.455599,1991.898783,1902.747478,1875.431324,1917.294693,2036.981714,1755.41179,1761.272914,1860.715095,1816.670508,1650.159284,1688.607359,1550.840901,1743.145217,1618.377279,1643.296572,1709.477401,1502.913135,1439.351964,1425.433944,1434.833369,1506.895274,1668.319015,1382.57732,1475.042096,1318.924761,1454.29844,1272.150999,1216.445793,1239.904431,1319.403666,1673.69919,1165.655705,1401.002566,1222.908308,1109.700705,1453.756885,1363.401836,2145.043135,1541.790948
1160.63329,1300.656907,1317.872835,1113.485784,1075.360328,802.8072643,1005.129363,788.8934124,660.0046171,1278.567091,968.5281326,444.2231529,809.9756179,962.5547658,900.7824773,218.6181789,633.3261997,916.2789292,652.2301716,52.70718335,0,176.2947039,142.2916198,1481.780179,837.9302383,2575.028478,2337.912016,2328.156937,2672.403039,2718.989581,2673.097523,2627.570276,2437.72903,2399.890961,2309.446417,2207.641572,2248.805013,2177.740058,2127.983967,2312.144294,2226.1417,2096.166243,2137.504847,2040.509783,2155.98633,2095.359382,2012.917508,1904.424306,1894.31098,1941.034193,2068.280519,1759.942882,1777.462676,1848.817644,1844.613954,1663.386808,1714.807612,1560.590765,1774.937906,1643.412569,1632.84394,1743.426155,1525.805039,1452.621947,1429.509971,1456.107158,1495.39519,1705.105136,1398.00274,1503.541957,1337.129507,1489.573731,1265.295775,1240.078586,1229.648208,1353.405178,1641.152156,1192.593978,1442.279683,1201.010353,1141.068803,1421.778991,1333.95819,2125.776997,1498.473236
1104.877682,1443.772023,1228.234182,1040.006706,1216.521671,762.84435,896.7584451,717.4948076,632.147556,1142.005177,838.0251554,449.4052644,670.4809088,809.6109966,748.2049653,283.3976097,480.4995693,752.130271,484.7802393,228.9998748,176.2947039,0,223.07956,1633.960371,995.7172981,2583.76569,2318.023908,2378.741342,2708.727976,2810.062014,2757.777107,2704.59796,2453.584409,2445.334852,2348.069846,2236.8425,2240.880017,2241.165671,2148.947246,2415.161202,2193.90945,2167.465945,2223.178885,2050.286985,2125.569224,2065.925775,2092.891292,1922.299645,1967.995577,2029.872787,2180.299387,1788.069798,1843.169906,1821.326633,1946.948232,1720.306126,1812.281064,1607.061191,1889.390539,1737.624019,1611.723773,1864.566014,1614.04315,1511.208189,1458.69388,1539.792717,1471.816269,1834.951928,1463.867172,1609.139946,1412.226773,1615.66313,1259.992926,1332.738352,1213.237225,1476.353755,1541.908532,1295.640632,1586.247107,1144.175882,1257.665704,1326.004925,1248.24373,2071.491014,1359.542386
1291.55037,1395.886557,1435.820869,1238.066709,1174.173174,936.9568704,1112.206024,913.0472466,796.2002529,1364.929209,1059.955405,584.3449042,893.4036144,1031.45456,970.2400414,360.9031133,703.0394686,968.6156435,700.0360691,152.7831111,142.2916198,223.07956,0,1565.376758,919.0449529,2717.303416,2477.993468,2467.102218,2813.291828,2845.696099,2802.422891,2759.652054,2579.985238,2539.655178,2450.179201,2349.31757,2390.207699,2314.08326,2270.12824,2433.708315,2364.135244,2230.498646,2267.017405,2182.778023,2294.28924,2233.812128,2144.63837,2046.676288,2028.185987,2069.606167,2185.267294,1901.815316,1913.65744,1987.474184,1967.343419,1801.668229,1840.144644,1700.73926,1891.122069,1770.356492,1772.392074,1855.355953,1655.444749,1590.849932,1571.441418,1587.571906,1634.438269,1810.671617,1534.746632,1625.511452,1471.60188,1598.842349,1406.491172,1368.873672,1369.494768,1465.532828,1754.562685,1317.043611,1535.829196,1331.682797,1258.461625,1536.792194,1453.794052,2258.341561,1582.610785
1726.897755,231.2707143,2015.798239,1803.624853,438.9313916,1522.479897,1929.717437,1652.92304,1454.955664,2282.39637,2021.533805,1376.203418,1959.475642,2141.741582,2092.147753,1374.749477,1897.671746,2175.713745,1980.876362,1437.642064,1481.780179,1633.960371,1565.376758,0,646.3779201,2164.093201,2216.55877,1613.18461,2008.284793,1582.856961,1595.725229,1621.624137,1996.063522,1712.799992,1703.753138,1710.805764,2051.556891,1388.208377,1724.763587,1132.158031,2231.361926,1258.978727,1154.574072,1758.289328,2164.506583,2112.358832,1121.627504,1603.226101,1106.706066,989.8307425,853.7204379,1434.021825,1116.169145,1926.454638,795.2774713,1140.186185,776.1350558,1186.51071,626.2972033,778.8585616,1745.353146,534.3183051,799.6325536,1048.110815,1275.738105,826.7271034,1687.377862,412.606454,973.4142683,617.187103,885.5900243,379.2161963,1461.672211,735.5924596,1519.913418,423.8421238,2302.121482,656.1643699,139.0049481,1752.567691,562.7917873,2122.926133,2001.663045,2329.687154,2472.663247
1353.124235,490.1137538,1620.488624,1390.826274,293.8739803,1057.80592,1445.634396,1159.171196,949.6917931,1793.839919,1502.25023,808.0280604,1406.924887,1589.603816,1534.152087,752.3276832,1310.110792,1600.717452,1380.091068,792.5452404,837.9302383,995.7172981,919.0449529,646.3779201,0,2275.687973,2190.913968,1851.58215,2240.254293,2050.893436,2031.810071,2019.359048,2114.235448,1942.082286,1889.190458,1839.312728,2052.313789,1653.032829,1805.556165,1610.473736,2147.432482,1541.547319,1515.931541,1779.823343,2074.953852,2015.470648,1425.10432,1620.479837,1345.586879,1318.544259,1340.745339,1445.73159,1279.191171,1787.359916,1168.988843,1223.190977,1071.789192,1188.829267,1051.724474,1023.261657,1572.551761,994.6175713,950.5853198,1041.229178,1169.335585,915.6763667,1470.82669,924.926983,961.2842604,844.6316647,866.5943128,735.846793,1209.524105,699.8526022,1233.855904,627.4131754,1941.100166,607.1077002,624.2775388,1387.939293,490.885995,1734.639877,1616.762205,2161.670209,2002.882848
1579.998585,2030.604091,1671.711251,1700.022964,2048.619937,1842.590506,1961.812186,1939.713767,1956.287463,2101.412072,2125.223442,2139.955024,2241.892415,2316.721296,2321.869082,2356.411581,2380.247461,2445.58565,2490.277965,2575.280437,2575.028478,2583.76569,2717.303416,2164.093201,2275.687973,0,470.9251801,635.0254492,430.2979193,1316.962168,1192.406513,1052.192851,168.0561976,549.6658785,488.5863042,453.7282136,404.7232596,842.6409852,470.5430512,1415.548657,667.7359641,965.4104489,1148.046611,534.5635035,682.6975224,708.2260262,1096.975436,676.4864823,1066.502351,1226.257984,1539.123931,840.0638398,1050.432614,869.1252268,1418.604573,1061.587266,1394.075903,1088.524561,1589.344982,1385.251556,1018.788109,1684.604786,1384.112477,1234.580426,1158.551594,1387.150502,1154.120366,1812.220033,1314.447527,1554.73092,1409.936325,1785.966049,1326.136119,1581.021488,1383.009725,1783.167135,1624.533864,1678.465738,2031.48284,1552.595871,1804.708003,1670.621662,1634.276787,967.1444568,2109.802714
1243.775838,2044.635232,1277.177548,1348.879752,2009.976149,1556.181865,1597.39855,1628.073976,1687.10947,1688.785015,1754.674415,1893.788615,1889.855646,1940.107742,1953.535438,2122.738754,2049.179667,2073.613871,2153.722818,2346.915352,2337.912016,2318.023908,2477.993468,2216.55877,2190.913968,470.9251801,0,939.7246062,877.4261303,1691.629594,1568.444589,1430.053508,497.934776,887.5382764,773.8979465,642.3280165,176.4509919,1087.030894,550.7072925,1690.524669,199.29508,1182.057606,1383.557776,463.5868472,230.7363539,275.2261971,1288.126178,613.6627752,1206.968781,1397.624757,1747.045269,783.552207,1131.382673,501.4698268,1565.239195,1077.841982,1497.963705,1039.401018,1718.731742,1463.552309,706.5337012,1805.944983,1417.790607,1187.283258,1021.592382,1392.373428,846.207874,1923.034549,1268.482456,1602.049787,1365.637007,1842.152798,1076.162057,1539.074834,1108.528788,1802.598871,1182.04878,1637.543617,2078.03558,1210.116815,1764.947791,1257.158448,1240.789628,497.3492435,1673.436374
1569.791862,1518.033794,1758.76244,1701.571287,1587.070615,1721.364972,1963.533972,1850.060327,1797.682008,2195.402344,2126.907777,1932.069064,2200.608836,2318.867903,2307.104642,2116.230175,2292.739644,2431.485253,2406.619402,2315.938074,2328.156937,2378.741342,2467.102218,1613.18461,1851.58215,635.0254492,939.7246062,0,397.3488246,761.2822282,641.8224016,510.3171321,490.0738742,100.1258097,166.0232023,313.6028617,776.2837661,227.0961109,441.0270101,781.8505732,1082.439945,357.6152817,519.0586493,600.7033476,1054.794051,1042.668747,496.2074443,595.923525,517.4389396,630.090568,912.1133778,638.4809477,575.02315,1058.325735,828.3256762,666.4543816,840.5539477,771.7895782,1002.818535,856.8949146,1082.53088,1099.674682,902.7122654,876.9548733,938.8769985,937.4514923,1174.710826,1229.814684,938.7105324,1040.866556,1015.71669,1247.875668,1223.35621,1161.088343,1305.359346,1279.356527,1830.694004,1247.069338,1490.173075,1556.56687,1360.8701,1798.64128,1722.984225,1346.455503,2266.150455
1807.400639,1915.342328,1951.661703,1936.100754,1980.562099,2011.661584,2202.015077,2128.692053,2104.436632,2390.674292,2367.409926,2259.362609,2461.900205,2561.13756,2557.2285,2456.699304,2575.366437,2682.418214,2688.56578,2664.232216,2672.403039,2708.727976,2813.291828,2008.284793,2240.254293,430.2979193,877.4261303,397.3488246,0,913.2109097,790.8120964,654.0202299,388.267296,300.5164331,363.5590258,479.2856608,762.8629279,620.0936167,591.6808526,1092.846228,1063.277903,749.5145268,885.63804,737.4220065,1062.278415,1073.166444,887.5784717,814.0528612,914.4902236,1020.821137,1271.901016,923.082789,961.0980499,1174.888181,1218.591229,1032.385484,1237.486849,1114.414872,1392.703956,1254.030079,1267.885334,1489.335661,1295.270572,1237.749675,1250.311584,1324.578396,1386.006126,1619.429669,1306.770518,1437.702682,1390.60911,1644.890631,1494.804973,1544.405161,1567.908802,1676.099366,1959.762098,1633.665484,1886.590935,1787.092854,1750.629783,1970.621676,1914.394564,1358.903703,2428.698678
2206.112469,1597.431099,2434.364338,2335.810626,1757.236887,2272.54083,2583.065451,2415.123562,2312.554174,2857.317379,2738.485048,2391.549348,2779.994623,2922.47421,2899.947819,2528.929668,2833.188717,3019.702842,2944.571619,2693.86704,2718.989581,2810.062014,2845.696099,1582.856961,2050.893436,1316.962168,1691.629594,761.2822282,913.2109097,0,124.6787295,265.0648874,1210.105917,804.0920955,922.8726083,1074.565899,1534.14765,703.2962263,1199.01511,451.5351389,1842.523741,703.4910772,590.887174,1354.394926,1816.05394,1803.45853,732.3611408,1318.608754,872.7972655,780.2442473,731.1642373,1300.627842,1020.266331,1801.995918,886.6204879,1168.644237,1006.033712,1314.42685,1002.744456,1075.606122,1790.665167,1073.479562,1196.028102,1348.195209,1518.45097,1271.26826,1858.076028,1176.704909,1371.942883,1226.354706,1405.300984,1321.253308,1837.024847,1479.429725,1925.210974,1423.963723,2551.284133,1529.067974,1505.610313,2201.668208,1600.066675,2490.822337,2401.01445,2107.269616,2956.015787
2116.068867,1592.201509,2337.672968,2246.59642,1739.516482,2197.535664,2497.28664,2338.394651,2243.868864,2764.16054,2654.587022,2332.538231,2702.027657,2840.498929,2819.88349,2478.443427,2762.269901,2940.774642,2874.435124,2650.006301,2673.097523,2757.777107,2802.422891,1595.725229,2031.810071,1192.406513,1568.444589,641.8224016,790.8120964,124.6787295,0,140.3861585,1085.681569,681.0718256,801.674726,955.4245821,1412.132929,601.8743693,1081.474584,469.9709236,1721.15059,618.4215576,535.5942945,1238.472895,1695.871131,1684.488342,666.7137086,1209.195209,800.8624352,733.0875706,742.8998307,1200.64116,943.3595199,1689.481122,862.8238394,1088.662484,970.3535885,1231.84097,995.1270431,1034.335153,1685.90123,1073.298342,1147.303888,1276.598511,1433.26299,1218.455302,1758.211581,1184.657028,1306.439661,1195.541614,1347.028846,1311.452331,1749.094221,1433.561893,1836.761865,1404.743982,2445.334734,1489.817218,1509.447836,2110.030292,1568.842313,2390.934576,2303.772684,1988.266659,2857.32381
2019.108387,1597.996903,2232.137259,2150.38285,1730.151081,2118.707665,2404.793519,2257.141531,2172.51981,2662.369278,2564.107259,2272.471904,2618.583604,2752.0515,2733.74952,2428.029148,2687.120248,2855.824538,2800.024311,2606.899007,2627.570276,2704.59796,2759.652054,1621.624137,2019.359048,1052.192851,1430.053508,510.3171321,654.0202299,265.0648874,140.3861585,0,945.6634804,543.4626592,666.7517179,823.2454815,1275.367709,500.4284208,951.3112096,526.5261643,1585.105492,541.3433506,503.942276,1110.228292,1561.396967,1551.609426,615.0803645,1089.938977,736.9227981,703.0649632,780.1391342,1094.155873,870.1295682,1565.008402,857.2236682,1009.524972,948.3832117,1147.998536,1005.18168,1004.513607,1571.434068,1090.312979,1106.795431,1206.380028,1344.754625,1172.1055,1649.825293,1209.053678,1243.580576,1175.817513,1292.730942,1314.577248,1655.757567,1393.526347,1742.495751,1396.192113,2328.269588,1457.188407,1526.017027,2011.119201,1545.031244,2281.39715,2197.611235,1855.169967,2748.73902
1480.394539,1863.036603,1596.650159,1604.67366,1883.664889,1723.020625,1869.316358,1827.278221,1830.717376,2032.547809,2034.125203,2007.004048,2142.036966,2227.12599,2228.448507,2219.261371,2271.470467,2353.09236,2382.927235,2435.972649,2437.72903,2453.584409,2579.985238,1996.063522,2114.235448,168.0561976,497.934776,490.0738742,388.267296,1210.105917,1085.681569,945.6634804,0,415.5265229,333.1772002,285.7373644,374.6039489,686.042056,314.5535968,1271.27748,677.2211255,805.4739605,992.9954359,407.9612228,674.0941572,685.3878008,934.6708624,533.314748,899.6598012,1062.541063,1381.644793,687.9417901,882.4823753,803.1598861,1253.466762,896.5762657,1226.529415,929.9414392,1423.434859,1217.214361,924.0285564,1518.390151,1216.743165,1074.090789,1012.821153,1221.132638,1053.155086,1645.629793,1153.124183,1386.799213,1247.773791,1617.91041,1203.142877,1417.738584,1265.955725,1615.668894,1581.575884,1514.702789,1863.427368,1455.79785,1640.435179,1606.260931,1559.143922,971.1968858,2057.56291
1604.112222,1615.489638,1780.16167,1735.402675,1680.506525,1773.284679,1999.351857,1898.398357,1855.37963,2218.78803,2163.727,1997.216486,2244.065188,2356.605078,2347.248885,2186.386712,2343.183837,2472.084987,2457.000957,2389.178917,2399.890961,2445.334852,2539.655178,1712.799992,1942.082286,549.6658785,887.5382764,100.1258097,300.5164331,804.0920955,681.0718256,543.4626592,415.5265229,0,133.3147796,296.7342674,732.0318149,327.2040365,429.4653668,866.6220303,1042.198886,457.7285871,615.3845394,592.0074802,1020.632279,1014.089339,596.3290862,613.9245376,614.4190111,730.2117835,1008.194241,681.743097,663.2136426,1052.970715,928.4493261,744.2518054,939.428622,839.6628978,1102.942531,953.9428473,1097.636683,1199.798357,995.363651,953.160373,995.3248191,1026.710095,1198.631594,1329.939654,1018.368825,1137.362922,1098.722022,1346.571557,1267.156339,1248.44159,1346.587466,1375.701698,1834.115816,1336.226685,1589.302382,1588.614508,1451.873403,1814.069759,1743.808302,1316.525992,2280.289637
1480.6341,1590.005878,1650.775193,1611.480083,1637.592976,1661.8949,1876.227805,1783.81493,1749.220823,2089.841718,2041.020143,1898.920422,2125.455382,2234.27669,2226.379376,2094.108991,2229.732801,2351.407356,2343.386083,2300.916544,2309.446417,2348.069846,2450.179201,1703.753138,1889.190458,488.5863042,773.8979465,166.0232023,363.5590258,922.8726083,801.674726,666.7517179,333.1772002,133.3147796,0,163.4409813,611.8291813,354.1797676,296.1588254,940.0981762,919.6567727,477.411786,660.4421064,458.7044757,894.6534544,885.5802008,610.9902389,485.9962001,597.0812134,742.2976636,1050.659294,568.7680385,615.0842611,919.6727683,937.6321605,672.4562191,927.7874969,750.8563074,1110.56827,930.7553336,966.989956,1206.847656,954.2299975,875.5159758,891.2754771,975.3239475,1070.866894,1335.962833,946.072002,1109.685466,1032.151978,1330.307536,1150.543635,1190.357595,1227.899334,1345.71425,1701.000621,1282.133313,1575.508335,1463.949981,1402.257244,1682.9079,1614.254316,1188.821839,2148.664711
1333.615619,1577.633316,1494.238324,1463.526064,1602.52961,1532.603131,1729.092881,1649.489339,1627.233786,1933.733686,1894.306055,1787.572286,1984.626389,2087.917573,2082.150436,1990.448628,2096.149464,2207.328038,2209.39676,2202.101347,2207.641572,2236.8425,2349.31757,1710.805764,1839.312728,453.7282136,642.3280165,313.6028617,479.2856608,1074.565899,955.4245821,823.2454815,285.7373644,296.7342674,163.4409813,0,471.7654215,446.1552826,132.7391475,1049.250796,772.3763693,550.0882242,748.2359797,295.2740003,742.0948303,729.0747917,669.4887454,336.8154923,619.6603379,791.8890492,1125.716099,448.8338317,596.7477513,756.2369281,977.749742,617.0336638,943.3881518,666.2118121,1145.106229,931.9659317,809.0689514,1239.055473,931.7077592,804.279216,779.0581023,938.5911711,917.8381705,1365.097146,880.9049348,1101.067519,973.2741186,1332.421605,1015.543296,1140.394177,1089.201974,1330.373907,1538.152737,1236.21224,1577.863588,1315.109618,1360.780586,1523.480604,1457.475865,1032.87202,1988.352646
1197.46735,1884.933761,1270.729479,1312.314087,1860.025373,1485.218349,1570.349782,1570.241217,1608.850292,1697.881417,1732.132914,1806.603195,1855.868042,1922.071255,1929.993431,2031.466329,2003.443576,2052.708074,2111.342552,2254.369819,2248.805013,2240.880017,2390.207699,2051.556891,2052.313789,404.7232596,176.4509919,776.2837661,762.8629279,1534.14765,1412.132929,1275.367709,374.6039489,732.0318149,611.8291813,471.7654215,0,913.9062136,374.7153978,1517.115329,311.0815622,1006.624803,1208.390192,293.4997141,300.015151,311.961697,1111.748577,449.6041785,1031.020498,1221.268476,1570.621023,623.8650359,958.4050073,468.4916471,1389.825954,911.4180023,1324.984604,883.4803521,1544.570993,1292.711476,639.4858215,1632.53769,1251.964835,1033.046598,887.0555111,1230.602893,779.2900862,1750.736769,1114.908394,1435.46664,1212.699557,1675.45961,983.8646838,1387.102349,1027.95516,1641.018493,1221.582393,1486.049872,1913.452122,1167.36453,1613.995629,1266.564823,1233.419541,598.2111406,1705.400243
1518.849725,1299.990795,1735.982104,1650.044236,1380.887346,1625.228643,1904.461216,1761.554576,1686.240861,2163.822824,2064.067239,1800.587635,2121.234921,2252.482939,2235.021717,1970.806635,2195.748989,2357.559404,2309.143612,2161.711051,2177.740058,2241.165671,2314.08326,1388.208377,1653.032829,842.6409852,1087.030894,227.0961109,620.0936167,703.2962263,601.8743693,500.4284208,686.042056,327.2040365,354.1797676,446.1552826,913.9062136,0,544.1102818,603.5003418,1204.101796,130.5263611,307.1672655,681.7384701,1165.204922,1142.319379,269.1450225,621.4153012,307.5576776,403.0216444,696.4961716,598.8054041,400.4397835,1109.434269,601.2682912,523.6132272,619.0359174,654.2523669,775.7617841,642.1646656,1087.470916,872.6145949,702.9446444,730.2201692,846.4293151,748.4388554,1156.451808,1002.765867,779.7957632,827.0945627,845.0432178,1026.217717,1155.457381,975.3070072,1242.091145,1065.24246,1848.289129,1055.122351,1266.867703,1511.288284,1162.710674,1789.248346,1701.982222,1442.586505,2255.473817
1215.722783,1576.806091,1367.278279,1344.489132,1582.735111,1430.592006,1610.389441,1542.539798,1531.534478,1806.888913,1775.776512,1700.827436,1871.209681,1969.502905,1965.614018,1909.796383,1988.969266,2090.798253,2101.692874,2125.043195,2127.983967,2148.947246,2270.12824,1724.763587,1805.556165,470.5430512,550.7072925,441.0270101,591.6808526,1199.01511,1081.474584,951.3112096,314.5535968,429.4653668,296.1588254,132.7391475,374.7153978,544.1102818,0,1145.344367,660.210972,632.1604645,834.1463518,162.546875,623.8171199,605.9432173,737.9329596,228.1175103,664.6581869,850.5976685,1197.080626,373.4773242,611.1917668,623.5167994,1025.557903,598.4662948,973.1654917,617.9846104,1186.082295,950.6630308,681.7022766,1277.054643,931.0983624,764.3299602,700.1321578,925.8688684,795.2465337,1399.356632,844.5674887,1108.666621,940.6035339,1345.629714,910.6680929,1112.731477,980.2166368,1329.420761,1405.725154,1210.74953,1588.997293,1195.539368,1337.701388,1393.916507,1330.325302,909.3670629,1857.902876
1934.009673,1148.660526,2189.158294,2057.876965,1316.665918,1942.439151,2287.566065,2088.851537,1962.344258,2589.734278,2433.969963,2014.654669,2453.948778,2609.094934,2579.998203,2131.970724,2484.487731,2694.86147,2592.760904,2283.528698,2312.144294,2415.161202,2433.708315,1132.158031,1610.473736,1415.548657,1690.524669,781.8505732,1092.846228,451.5351389,469.9709236,526.5261643,1271.27748,866.6220303,940.0981762,1049.250796,1517.115329,603.5003418,1145.344367,0,1803.266553,519.9471439,321.860075,1273.759858,1760.840546,1733.660787,458.623626,1187.282341,597.0685974,431.674432,279.635153,1110.880255,745.760921,1670.727531,468.2486083,893.3575851,605.5353933,1040.126579,558.7613075,684.2665312,1605.469445,623.9819468,817.2504702,1030.461133,1244.888161,899.9107251,1642.218774,725.1709643,1033.030875,808.6168808,1043.77221,876.2768855,1564.200829,1085.205083,1652.287097,986.9853735,2355.718116,1120.511796,1054.251891,1936.70497,1176.998629,2261.158217,2159.107849,2028.919786,2713.990868
1100.644755,2045.759947,1104.580407,1196.404391,1989.145979,1431.496374,1435.609513,1490.411051,1568.396137,1505.354098,1588.833132,1782.705585,1731.18613,1770.491163,1787.373316,2014.554172,1898.548156,1905.270727,2000.009123,2238.894294,2226.1417,2193.90945,2364.135244,2231.361926,2147.432482,667.7359641,199.29508,1082.439945,1063.277903,1842.523741,1721.15059,1585.105492,677.2211255,1042.198886,919.6567727,772.3763693,311.0815622,1204.101796,660.210972,1803.266553,0,1285.733713,1487.805356,533.746929,72.94359959,134.0251351,1378.736977,656.0104439,1281.471575,1477.298304,1832.799636,806.3017132,1186.168105,379.30456,1630.711644,1109.157721,1548.154556,1044.867464,1773.787388,1504.385461,600.6248581,1855.972654,1441.665288,1185.612782,987.6172409,1405.122819,732.8092513,1966.613167,1263.814874,1626.224687,1357.968616,1864.621634,982.77874,1526.939869,1001.109671,1810.420166,988.7057195,1623.25295,2092.362674,1064.516715,1748.227168,1075.864232,1069.110971,299.451213,1480.985223
1502.662258,1175.657339,1734.52916,1632.320834,1264.793378,1580.48798,1880.404534,1720.563281,1631.485042,2154.594611,2036.854996,1732.488119,2083.797435,2222.260528,2201.46229,1893.088873,2147.283238,2322.395035,2259.939571,2077.774282,2096.166243,2167.465945,2230.498646,1258.978727,1541.547319,965.4104489,1182.057606,357.6152817,749.5145268,703.4910772,618.4215576,541.3433506,805.4739605,457.7285871,477.411786,550.0882242,1006.624803,130.5263611,632.1604645,519.9471439,1285.733713,0,202.2488587,754.4153986,1241.74489,1213.815578,138.6318882,669.7947275,203.0646673,272.4989654,577.3277423,612.3503598,328.8041909,1156.539114,470.7479593,470.7337389,493.4741618,613.451232,645.2404408,522.7108291,1109.829299,742.0918072,595.9565363,665.0389528,815.77176,649.7002593,1164.310544,872.2461781,704.0696991,707.2433629,759.0529649,899.5872307,1133.598996,876.1821026,1221.740372,944.229083,1869.159628,950.7313039,1138.833625,1498.560079,1053.121373,1795.151018,1701.831411,1509.135788,2257.950115
1644.249454,1105.704626,1889.504291,1771.253029,1227.806333,1686.566418,2010.538182,1830.515983,1722.642402,2299.875184,2162.356187,1801.301571,2196.093989,2343.149681,2318.21547,1943.303334,2243.963763,2436.518961,2354.950477,2114.546262,2137.504847,2223.178885,2267.017405,1154.574072,1515.931541,1148.046611,1383.557776,519.0586493,885.63804,590.887174,535.5942945,503.942276,992.9954359,615.3845394,660.4421064,748.2359797,1208.390192,307.1672655,834.1463518,321.860075,1487.805356,202.2488587,0,955.9191197,1443.272493,1414.47219,149.2162613,865.580999,294.3799559,199.6990632,393.0557688,791.8443598,446.3677668,1348.981632,364.2800267,597.0863756,444.4844191,745.3816468,528.2775612,501.9802009,1288.345873,621.5715051,611.7251631,761.8936412,951.8677464,683.4126511,1331.529703,749.1270775,781.719821,671.9317407,814.8895641,822.2078457,1273.060586,898.1550892,1361.664415,894.9320041,2042.769249,956.6819341,1046.590169,1643.829775,1041.482038,1956.625891,1858.214222,1708.228861,2414.549518
1077.704366,1593.86611,1214.535735,1204.181935,1576.428451,1315.32317,1469.832165,1419.512084,1424.755134,1653.831555,1635.12474,1605.645218,1737.783632,1828.684361,1827.511914,1821.896455,1864.139933,1952.502535,1975.863966,2041.062128,2040.509783,2050.286985,2182.778023,1758.289328,1779.823343,534.5635035,463.5868472,600.7033476,737.4220065,1354.394926,1238.472895,1110.228292,407.9612228,592.0074802,458.7044757,295.2740003,293.4997141,681.7384701,162.546875,1273.759858,533.746929,754.4153986,955.9191197,0,487.359536,460.9068277,844.9977452,160.551989,751.0431226,945.4640799,1299.891328,337.0166966,668.1546182,460.9699522,1105.677888,618.1031519,1034.607605,597.9796423,1256.290891,1000.166648,530.5383126,1342.766558,958.6589361,748.2414295,631.4526022,938.9587356,652.0853582,1459.457525,830.3016792,1142.010614,928.2400131,1381.980046,795.895214,1102.878306,857.9964625,1349.104225,1243.91913,1201.954211,1620.30011,1054.972994,1330.042665,1236.960386,1177.335324,761.0223072,1699.288211
1035.590379,1977.148967,1050.732755,1134.192474,1918.211104,1362.865062,1376.977424,1424.410752,1498.912105,1458.699424,1532.006193,1712.308347,1671.530318,1715.50274,1730.784336,1943.904161,1836.261536,1849.724287,1938.747668,2168.292542,2155.98633,2125.569224,2294.28924,2164.506583,2074.953852,682.6975224,230.7363539,1054.794051,1062.278415,1816.05394,1695.871131,1561.396967,674.0941572,1020.632279,894.6534544,742.0948303,300.015151,1165.204922,623.8171199,1760.840546,72.94359959,1241.74489,1443.272493,487.359536,0,61.36048132,1330.231944,599.6425772,1228.708976,1425.307698,1781.703417,744.0524139,1128.787022,307.812152,1574.612776,1046.995636,1488.664964,978.3688558,1714.954836,1443.006575,528.4829993,1795.903423,1377.199739,1117.685424,916.4573998,1338.878022,661.6661568,1905.049764,1195.328594,1561.491925,1288.949455,1799.29139,910.3473967,1457.192271,929.7571493,1742.897142,952.3349726,1553.182238,2025.537715,1000.075646,1677.812857,1027.464241,1014.73651,298.6570605,1443.202157
978.3036093,1922.989995,1001.960181,1078.89682,1861.113018,1303.124831,1324.184458,1366.326328,1438.668141,1415.138213,1480.479352,1651.58039,1617.833708,1665.268393,1679.336004,1883.051112,1780.623415,1799.007063,1883.809637,2107.455599,2095.359382,2065.925775,2233.812128,2112.358832,2015.470648,708.2260262,275.2261971,1042.668747,1073.166444,1803.45853,1684.488342,1551.609426,685.3878008,1014.089339,885.5802008,729.0747917,311.961697,1142.319379,605.9432173,1733.660787,134.0251351,1213.815578,1414.47219,460.9068277,61.36048132,0,1297.739083,561.278349,1192.127323,1389.222271,1746.14755,698.358935,1087.597634,246.7804281,1534.219922,1000.763055,1444.831327,927.2312202,1671.641779,1397.200824,467.1514483,1751.252716,1328.058048,1064.68571,859.2929139,1287.733769,600.6787515,1858.771576,1141.588604,1511.939555,1234.496141,1748.96671,848.9881703,1401.75161,868.6499069,1690.086448,918.1186535,1497.297729,1973.456627,943.2485439,1621.450769,983.1143888,965.5998847,303.8140118,1406.795134
1495.035039,1044.29664,1740.979986,1622.057751,1143.47477,1540.998346,1861.806062,1684.337719,1580.465326,2150.681501,2014.091193,1665.84855,2049.702741,2195.490747,2171.142997,1814.851513,2100.841861,2289.910036,2212.300494,1991.898783,2012.917508,2092.891292,2144.63837,1121.627504,1425.10432,1096.975436,1288.126178,496.2074443,887.5784717,732.3611408,666.7137086,615.0803645,934.6708624,596.3290862,610.9902389,669.4887454,1111.748577,269.1450225,737.9329596,458.623626,1378.736977,138.6318882,149.2162613,844.9977452,1330.231944,1297.739083,0,740.9376971,145.1669588,133.8832361,459.1784309,653.0011469,297.1538118,1217.553271,332.1239831,447.8701212,362.8541817,596.1662432,506.6177773,401.8622309,1146.846845,603.4718129,492.8196935,616.2016191,802.6530373,557.0664683,1185.721899,733.6209586,640.6186374,583.5796072,680.9484497,765.7205241,1123.845992,778.9827298,1212.449167,817.6732697,1898.254531,845.8982166,1002.942264,1494.684709,940.8563061,1809.006548,1709.866207,1586.322121,2266.078933
997.0424062,1435.396442,1166.401411,1127.235508,1415.884696,1202.682314,1392.617705,1315.857577,1303.559268,1604.870048,1557.755477,1474.769516,1648.165689,1751.315379,1745.33687,1685.974466,1762.471111,1870.513426,1875.418217,1902.747478,1904.424306,1922.299645,2046.676288,1603.226101,1620.479837,676.4864823,613.6627752,595.923525,814.0528612,1318.608754,1209.195209,1089.938977,533.314748,613.9245376,485.9962001,336.8154923,449.6041785,621.4153012,228.1175103,1187.282341,656.0104439,669.7947275,865.580999,160.551989,599.6425772,561.278349,740.9376971,0,630.9720175,828.1824656,1185.232436,176.465116,530.1784234,488.6993472,975.1147789,464.2441183,893.4647548,437.4341624,1118.286178,853.489146,486.6419275,1201.758348,804.1537891,587.6925279,482.0678065,781.0080737,584.9674122,1315.074326,669.753621,988.3903335,767.6940935,1228.491687,683.0850876,942.3351988,754.1433045,1191.439972,1238.484286,1041.411917,1464.855005,979.1114867,1169.50127,1203.082436,1130.15642,845.4090445,1670.408601
1349.885303,1001.088248,1596.766435,1476.89603,1073.806426,1399.778749,1717.073676,1542.379076,1443.043087,2005.573012,1869.829769,1535.879942,1907.416531,2051.844106,2028.113528,1692.390659,1962.053933,2147.351168,2073.973535,1875.431324,1894.31098,1967.995577,2028.185987,1106.706066,1345.586879,1066.502351,1206.968781,517.4389396,914.4902236,872.7972655,800.8624352,736.9227981,899.6598012,614.4190111,597.0812134,619.6603379,1031.020498,307.5576776,664.6581869,597.0685974,1281.471575,203.0646673,294.3799559,751.0431226,1228.708976,1192.127323,145.1669588,630.9720175,0,197.3172781,554.4099739,524.1275403,152.0242455,1094.84312,361.0358853,302.7119889,330.7216177,451.0160282,525.5507056,339.5466068,1011.847186,619.4283181,396.1492899,476.144072,657.5044176,446.868135,1045.151447,746.0298327,507.2062038,523.4627186,557.3320815,734.7115855,978.6964405,673.6002541,1067.296846,761.9778002,1758.803374,749.9088798,979.2486451,1349.658297,855.5092554,1665.898536,1565.876958,1473.443282,2121.895168
1502.748872,920.6206009,1760.470144,1626.271708,1032.141114,1516.857949,1856.450947,1662.516034,1544.289677,2158.283838,2003.909973,1612.935368,2028.144138,2180.621587,2152.85307,1748.997167,2066.68767,2269.04707,2176.531499,1917.294693,1941.034193,2029.872787,2069.606167,989.8307425,1318.544259,1226.257984,1397.624757,630.090568,1020.821137,780.2442473,733.0875706,703.0649632,1062.541063,730.2117835,742.2976636,791.8890492,1221.268476,403.0216444,850.5976685,431.674432,1477.298304,272.4989654,199.6990632,945.4640799,1425.307698,1389.222271,133.8832361,828.1824656,197.3172781,0,357.097967,718.374339,327.69745,1290.341498,198.24996,468.4036179,246.9271169,612.5231659,372.7415297,302.3239841,1199.468423,469.5931075,415.9755689,599.3720267,815.4228037,491.3980836,1223.829497,599.7477897,606.598074,473.9344837,628.5161834,639.3939487,1133.493442,700.9929279,1221.371449,701.3352953,1938.148189,757.3580198,873.2665641,1506.014391,841.9974737,1835.11609,1731.044345,1670.651877,2284.79003
1799.866641,871.7805143,2070.202627,1917.033198,1047.776889,1763.288447,2130.146124,1910.618401,1766.873284,2449.147029,2268.113758,1797.003071,2271.799812,2434.960966,2401.258201,1897.0506,2284.937878,2511.551099,2390.053479,2036.981714,2068.280519,2180.299387,2185.267294,853.7204379,1340.745339,1539.123931,1747.045269,912.1133778,1271.901016,731.1642373,742.8998307,780.1391342,1381.644793,1008.194241,1050.659294,1125.716099,1570.621023,696.4961716,1197.080626,279.635153,1832.799636,577.3277423,393.0557688,1299.891328,1781.703417,1746.14755,459.1784309,1185.232436,554.4099739,357.097967,0,1072.4321,676.1848616,1644.922375,267.5025561,804.5386936,412.0148164,939.1797687,294.4476508,494.1551408,1544.443669,347.7570281,630.5574613,891.2820973,1131.805554,715.6493246,1557.657419,445.5425555,873.6116692,574.5573282,861.5252249,604.8991102,1438.833302,867.8300192,1524.216617,724.4110229,2269.199611,887.1478317,774.7362545,1807.88142,927.3398449,2152.185424,2043.059482,2027.511204,2590.213636
933.0646071,1261.722608,1138.089303,1064.932152,1239.425354,1093.233993,1325.634211,1216.743839,1181.646703,1568.891525,1488.65605,1338.764075,1563.313653,1680.43702,1668.73054,1542.386293,1661.945299,1793.205906,1775.705881,1755.41179,1759.942882,1788.069798,1901.815316,1434.021825,1445.73159,840.0638398,783.552207,638.4809477,923.082789,1300.627842,1200.64116,1094.155873,687.9417901,681.743097,568.7680385,448.8338317,623.8650359,598.8054041,373.4773242,1110.880255,806.3017132,612.3503598,791.8443598,337.0166966,744.0524139,698.358935,653.0011469,176.465116,524.1275403,718.374339,1072.4321,0,398.118548,572.4941148,843.2413238,302.9726844,747.0892923,260.9771691,974.262916,699.0463031,497.7425299,1052.932769,637.5851931,411.2293105,330.535727,608.8360332,557.6863601,1161.00258,493.2911222,822.398136,591.2337348,1062.005164,585.8946293,765.8774935,666.9762777,1019.061222,1256.920143,864.9548213,1295.278037,921.6896345,993.0448232,1190.51742,1103.757672,961.2143662,1656.68265
1197.8817,981.955338,1445.392586,1325.011691,1022.693865,1254.247754,1566.100332,1395.670801,1302.816945,1853.549218,1719.607174,1405.491947,1760.069597,1902.518115,1879.681503,1571.263981,1819.435948,1999.551143,1931.890693,1761.272914,1777.462676,1843.169906,1913.65744,1116.169145,1279.191171,1050.432614,1131.382673,575.02315,961.0980499,1020.266331,943.3595199,870.1295682,882.4823753,663.2136426,615.0842611,596.7477513,958.4050073,400.4397835,611.1917668,745.760921,1186.168105,328.8041909,446.3677668,668.1546182,1128.787022,1087.597634,297.1538118,530.1784234,152.0242455,327.69745,676.1848616,398.118548,0,969.9969723,446.8743339,150.7389911,366.6182214,299.0151388,588.8248815,339.5131349,871.865173,674.6161545,339.5708733,336.3305094,505.5000305,363.5656655,898.1019131,792.480308,379.8754027,504.3217507,445.731375,737.0940178,826.692822,586.0668227,915.2970214,735.3211853,1612.407789,673.0138646,982.0111815,1197.652256,789.6681884,1515.605979,1414.718896,1358.461883,1970.513514
742.6842775,1726.910295,802.7721344,850.7428744,1648.343346,1058.528652,1104.766609,1126.762288,1192.82487,1233.203867,1265.330267,1404.936131,1393.689162,1454.40614,1463.654641,1636.302902,1548.931908,1585.74591,1654.458182,1860.715095,1848.817644,1821.326633,1987.474184,1926.454638,1787.359916,869.1252268,501.4698268,1058.325735,1174.888181,1801.995918,1689.481122,1565.008402,803.1598861,1052.970715,919.6727683,756.2369281,468.4916471,1109.434269,623.5167994,1670.727531,379.30456,1156.539114,1348.981632,460.9699522,307.812152,246.7804281,1217.553271,488.6993472,1094.84312,1290.341498,1644.922375,572.4941148,969.9969723,0,1412.364068,858.8354814,1307.004477,759.2052336,1533.841472,1249.884085,222.1664467,1606.053557,1163.930433,882.4652152,653.5887533,1113.046529,353.8983259,1704.561684,953.7214251,1343.549729,1041.205544,1574.58051,604.8019937,1201.059744,621.9504136,1502.615825,786.7637446,1293.325454,1788.48485,709.6557346,1413.976001,804.1549,765.385065,404.5267362,1255.052409
1532.753852,742.5093301,1804.361041,1649.576855,876.8682483,1499.453419,1863.221576,1646.734911,1508.064373,2181.648308,2002.217675,1549.668982,2009.213572,2170.605032,2137.904767,1663.734035,2028.341754,2249.453786,2134.941743,1816.670508,1844.613954,1946.948232,1967.343419,795.2774713,1168.988843,1418.604573,1565.239195,828.3256762,1218.591229,886.6204879,862.8238394,857.2236682,1253.466762,928.4493261,937.6321605,977.749742,1389.825954,601.2682912,1025.557903,468.2486083,1630.711644,470.7479593,364.2800267,1105.677888,1574.612776,1534.219922,332.1239831,975.1147789,361.0358853,198.24996,267.5025561,843.2413238,446.8743339,1412.364068,0,557.139451,145.793913,683.1618052,174.4938375,228.1889293,1296.490437,271.3490352,365.053298,625.4531441,869.7801364,450.162185,1301.0035,401.498219,606.1106558,342.0044926,596.3320177,458.7609128,1173.084818,618.6535078,1257.951924,542.0430732,2009.43927,652.4196628,683.2337342,1541.189811,714.3085076,1887.753968,1777.647668,1804.431216,2323.493999
1047.174842,980.5027929,1296.162982,1174.278843,987.1294864,1109.861683,1415.983601,1249.860578,1164.282693,1702.906537,1570.135276,1277.745741,1613.382825,1753.84918,1731.876645,1453.223758,1677.595446,1852.330491,1790.518805,1650.159284,1663.386808,1720.306126,1801.668229,1140.186185,1223.190977,1061.587266,1077.841982,666.4543816,1032.385484,1168.644237,1088.662484,1009.524972,896.5762657,744.2518054,672.4562191,617.0336638,911.4180023,523.6132272,598.4662948,893.3575851,1109.157721,470.7337389,597.0863756,618.1031519,1046.995636,1000.763055,447.8701212,464.2441183,302.7119889,468.4036179,804.5386936,302.9726844,150.7389911,858.8354814,557.139451,0,448.5172613,148.3115851,675.750181,396.4832671,740.6440822,751.566882,340.557926,210.8186564,354.7972576,327.436502,756.1672572,858.1232866,274.5141119,524.287607,360.0615846,764.3866965,675.9866698,523.6127522,764.5854836,733.9198605,1470.200696,619.1806961,1002.244951,1047.157462,744.095541,1368.043752,1265.852426,1256.445686,1821.199378
1390.957422,682.2784404,1664.923335,1506.506901,785.2982863,1353.67775,1718.134219,1500.953749,1363.286921,2038.119791,1856.605941,1409.174918,1863.542005,2024.811493,1992.149201,1529.549719,1884.078552,2103.839876,1991.120626,1688.607359,1714.807612,1812.281064,1840.144644,776.1350558,1071.789192,1394.075903,1497.963705,840.5539477,1237.486849,1006.033712,970.3535885,948.3832117,1226.529415,939.428622,927.7874969,943.3881518,1324.984604,619.0359174,973.1654917,605.5353933,1548.154556,493.4741618,444.4844191,1034.607605,1488.664964,1444.831327,362.8541817,893.4647548,330.7216177,246.9271169,412.0148164,747.0892923,366.6182214,1307.004477,145.793913,448.5172613,0,560.5650188,227.36574,82.40454348,1177.835567,308.4178607,219.2612548,487.997455,737.4503729,304.3787015,1173.492857,426.4992436,463.0420207,227.4475744,450.5423916,407.4137971,1034.305925,480.2041918,1118.153301,455.7373255,1877.35152,523.1544133,650.0655315,1400.362872,598.7506097,1750.307368,1638.887244,1704.874788,2182.366157
898.8698054,1005.911534,1149.031763,1026.105635,978.450541,971.3603519,1268.992864,1109.14307,1033.544186,1554.59839,1424.089882,1160.334385,1471.138548,1608.88247,1588.084658,1346.730701,1541.514388,1709.258574,1654.892284,1550.840901,1560.590765,1607.061191,1700.73926,1186.51071,1188.829267,1088.524561,1039.401018,771.7895782,1114.414872,1314.42685,1231.84097,1147.998536,929.9414392,839.6628978,750.8563074,666.2118121,883.4803521,654.2523669,617.9846104,1040.126579,1044.867464,613.451232,745.3816468,597.9796423,978.3688558,927.2312202,596.1662432,437.4341624,451.0160282,612.5231659,939.1797687,260.9771691,299.0151388,759.2052336,683.1618052,148.3115851,560.5650188,0,783.432273,495.8037901,617.413194,850.1119168,404.9815893,150.269029,206.4883966,360.5473576,618.6197435,945.5310042,232.324182,586.5332454,330.2604065,821.9718817,527.680727,504.9013321,616.2829311,766.5692487,1330.437721,603.9783704,1047.507879,898.9241166,732.068145,1222.592962,1119.093033,1162.703739,1673.905933
1580.566828,597.0975927,1860.834429,1690.354891,757.9492306,1506.934905,1887.678382,1653.731695,1498.543106,2217.910926,2018.125327,1514.614625,2009.877338,2177.958124,2141.130202,1606.454949,2011.441834,2247.808013,2114.315805,1743.145217,1774.937906,1889.390539,1891.122069,626.2972033,1051.724474,1589.344982,1718.731742,1002.818535,1392.703956,1002.744456,995.1270431,1005.18168,1423.434859,1102.942531,1110.56827,1145.106229,1544.570993,775.7617841,1186.082295,558.7613075,1773.787388,645.2404408,528.2775612,1256.290891,1714.954836,1671.641779,506.6177773,1118.286178,525.5507056,372.7415297,294.4476508,974.262916,588.8248815,1533.841472,174.4938375,675.750181,227.36574,783.432273,0,288.1867651,1400.612147,96.85761991,405.2037307,697.0007464,950.8657723,484.367754,1389.955863,227.0076024,658.2931767,296.6194422,622.4236844,318.5217108,1234.621864,594.6296662,1315.397874,430.6040916,2086.881134,601.6041039,521.5836919,1593.203469,633.8861579,1950.770433,1836.612207,1932.178141,2371.951829
1310.809531,661.6902369,1586.131673,1425.568052,742.6326314,1271.329036,1636.031603,1418.596324,1281.781302,1956.862493,1774.248054,1330.750827,1781.300806,1942.418896,1909.823321,1455.38206,1802.909218,2021.647846,1910.256189,1618.377279,1643.412569,1737.624019,1770.356492,778.8585616,1023.261657,1385.251556,1463.552309,856.8949146,1254.030079,1075.606122,1034.335153,1004.513607,1217.214361,953.9428473,930.7553336,931.9659317,1292.711476,642.1646656,950.6630308,684.2665312,1504.385461,522.7108291,501.9802009,1000.166648,1443.006575,1397.200824,401.8622309,853.489146,339.5466068,302.3239841,494.1551408,699.0463031,339.5131349,1249.884085,228.1889293,396.4832671,82.40454348,495.8037901,288.1867651,0,1112.626596,356.257862,136.8670076,412.1612942,664.3735187,221.9752909,1102.589778,462.2348002,382.6882372,184.9426754,368.1430961,401.1327773,956.2518464,404.9196049,1039.373783,423.1808227,1802.927526,455.482165,646.8537189,1320.806518,541.1149124,1672.692605,1560.514185,1650.4394,2102.474208
561.3278334,1538.008311,685.577993,681.9838718,1445.591162,850.7898617,945.6541405,930.898206,980.5771061,1125.188744,1110.23629,1188.626188,1223.108606,1303.116912,1305.26306,1418.883935,1364.914197,1429.641577,1473.666702,1643.296572,1632.84394,1611.723773,1772.392074,1745.353146,1572.551761,1018.788109,706.5337012,1082.53088,1267.885334,1790.665167,1685.90123,1571.434068,924.0285564,1097.636683,966.989956,809.0689514,639.4858215,1087.470916,681.7022766,1605.469445,600.6248581,1109.829299,1288.345873,530.5383126,528.4829993,467.1514483,1146.846845,486.6419275,1011.847186,1199.468423,1544.443669,497.7425299,871.865173,222.1664467,1296.490437,740.6440822,1177.835567,617.413194,1400.612147,1112.626596,0,1464.826181,1011.808505,719.0910629,471.9094349,951.3600522,140.6011777,1553.777606,782.1136768,1183.910804,861.9886988,1406.414078,382.637313,1012.130254,403.3967324,1323.029117,761.0257652,1100.374512,1609.002536,533.9590722,1216.933179,716.7320543,648.6527861,594.7374896,1183.822016
1615.441403,524.7023686,1899.166748,1721.031075,702.7631226,1520.585554,1908.847427,1666.355627,1502.858576,2244.468135,2034.213963,1504.419181,2017.622187,2188.890075,2149.89129,1582.922832,2009.407027,2253.586677,2109.873574,1709.477401,1743.426155,1864.566014,1855.355953,534.3183051,994.6175713,1684.604786,1805.944983,1099.674682,1489.335661,1073.479562,1073.298342,1090.312979,1518.390151,1199.798357,1206.847656,1239.055473,1632.53769,872.6145949,1277.054643,623.9819468,1855.972654,742.0918072,621.5715051,1342.766558,1795.903423,1751.252716,603.4718129,1201.758348,619.4283181,469.5931075,347.7570281,1052.932769,674.6161545,1606.053557,271.3490352,751.566882,308.4178607,850.1119168,96.85761991,356.257862,1464.826181,0,456.3565055,752.0848728,1006.846658,528.5886212,1446.753141,130.1741044,705.1772411,314.1398619,657.542562,260.0360028,1278.566094,603.9068325,1356.715634,390.0867461,2135.548169,594.8560658,436.5922101,1630.221545,607.3919189,1992.261059,1876.331057,2006.668053,2404.699608
1179.137367,646.7903124,1457.072538,1292.15807,685.3349102,1134.486813,1500.030817,1281.745858,1146.256495,1822.656667,1637.600698,1200.743131,1644.579932,1805.552395,1773.000999,1333.025132,1667.868688,1884.989093,1775.710255,1502.913135,1525.805039,1614.04315,1655.444749,799.6325536,950.5853198,1384.112477,1417.790607,902.7122654,1295.270572,1196.028102,1147.303888,1106.795431,1216.743165,995.363651,954.2299975,931.7077592,1251.964835,702.9446444,931.0983624,817.2504702,1441.665288,595.9565363,611.7251631,958.6589361,1377.199739,1328.058048,492.8196935,804.1537891,396.1492899,415.9755689,630.5574613,637.5851931,339.5708733,1163.930433,365.053298,340.557926,219.2612548,404.9815893,405.2037307,136.8670076,1011.808505,456.3565055,0,295.782047,550.5091303,85.14260636,990.4039236,542.4255177,253.220816,184.815906,231.2822545,424.601995,829.5576114,286.9363293,910.928565,399.215185,1682.274195,354.9286763,661.7928979,1190.372358,459.884602,1545.924171,1432.317396,1567.658425,1970.995552
910.2808728,860.789804,1179.004881,1030.603044,828.1990022,924.8540001,1257.140391,1068.624246,967.4771139,1563.354276,1404.851064,1070.667407,1434.231311,1582.996576,1556.877597,1242.846405,1485.916497,1674.734924,1597.899224,1439.351964,1452.621947,1511.208189,1590.849932,1048.110815,1041.229178,1234.580426,1187.283258,876.9548733,1237.749675,1348.195209,1276.598511,1206.380028,1074.090789,953.160373,875.5159758,804.279216,1033.046598,730.2201692,764.3299602,1030.461133,1185.612782,665.0389528,761.8936412,748.2414295,1117.685424,1064.68571,616.2016191,587.6925279,476.144072,599.3720267,891.2820973,411.2293105,336.3305094,882.4652152,625.4531441,210.8186564,487.997455,150.269029,697.0007464,412.1612942,719.0910629,752.0848728,295.782047,0,254.7740688,232.4579996,694.6873979,835.3736681,82.062604,464.9464725,180.0098021,692.2150313,547.6621313,354.6576621,632.9767648,625.4019241,1390.818647,453.734985,909.3723443,917.0160846,581.8250441,1262.67623,1152.194633,1286.952928,1699.237018
692.3820566,1073.399258,945.0762338,819.8065185,1001.831693,783.7568118,1064.686242,916.5635427,860.0789462,1348.137037,1221.324032,1009.288995,1274.847482,1407.805547,1388.999374,1211.869225,1355.564705,1511.246285,1469.379733,1425.433944,1429.509971,1458.69388,1571.441418,1275.738105,1169.335585,1158.551594,1021.592382,938.8769985,1250.311584,1518.45097,1433.26299,1344.754625,1012.821153,995.3248191,891.2754771,779.0581023,887.0555111,846.4293151,700.1321578,1244.888161,987.6172409,815.77176,951.8677464,631.4526022,916.4573998,859.2929139,802.6530373,482.0678065,657.5044176,815.4228037,1131.805554,330.535727,505.5000305,653.5887533,869.7801364,354.7972576,737.4503729,206.4883966,950.8657723,664.3735187,471.9094349,1006.846658,550.5091303,254.7740688,0,483.6275126,439.9135589,1088.299261,310.9710527,715.47624,390.6511781,934.714519,321.192961,547.4824532,409.7974703,852.4698983,1140.136626,640.4542446,1138.64259,692.6835209,762.9321597,1021.87209,915.9146322,1054.746213,1469.411636
1096.973357,655.0529581,1376.471622,1208.842015,664.595733,1049.490099,1415.187181,1196.728999,1062.672604,1738.779906,1552.481469,1121.833059,1559.755875,1720.459451,1688.03405,1259.995503,1584.626866,1800.234297,1692.871019,1434.833369,1456.107158,1539.792717,1587.571906,826.7271034,915.6763667,1387.150502,1392.373428,937.4514923,1324.578396,1271.26826,1218.455302,1172.1055,1221.132638,1026.710095,975.3239475,938.5911711,1230.602893,748.4388554,925.8688684,899.9107251,1405.122819,649.7002593,683.4126511,938.9587356,1338.878022,1287.733769,557.0664683,781.0080737,446.868135,491.3980836,715.6493246,608.8360332,363.5656655,1113.046529,450.162185,327.436502,304.3787015,360.5473576,484.367754,221.9752909,951.3600522,528.5886212,85.14260636,232.4579996,483.6275126,0,922.0301692,604.7216247,176.6728206,232.551207,146.1790594,462.2759674,751.2201306,227.0235514,831.1937631,410.4542322,1607.004796,309.6405395,687.7507431,1109.016058,426.9614905,1466.761325,1352.288805,1517.548308,1888.725134
427.3361529,1472.626695,584.3233213,552.2148713,1363.418985,710.3897492,817.7554507,790.9697343,841.2197945,1020.924142,983.0393838,1051.341415,1089.426303,1176.610298,1175.854692,1282.47095,1226.953628,1300.729821,1336.403087,1506.895274,1495.39519,1471.816269,1634.438269,1687.377862,1470.82669,1154.120366,846.207874,1174.710826,1386.006126,1858.076028,1758.211581,1649.825293,1053.155086,1198.631594,1070.866894,917.8381705,779.2900862,1156.451808,795.2465337,1642.218774,732.8092513,1164.310544,1331.529703,652.0853582,661.6661568,600.6787515,1185.721899,584.9674122,1045.151447,1223.829497,1557.657419,557.6863601,898.1019131,353.8983259,1301.0035,756.1672572,1173.492857,618.6197435,1389.955863,1102.589778,140.6011777,1446.753141,990.4039236,694.6873979,439.9135589,922.0301692,0,1526.524361,746.8265987,1152.517502,816.0753926,1364.14267,263.2359502,951.9052988,268.4326647,1269.736865,714.3742092,1033.96938,1553.553124,403.0566706,1144.063582,632.8348838,548.9312516,691.7260908,1099.252321
1666.583231,439.2173016,1953.653683,1766.259207,640.7317678,1544.589063,1940.877606,1688.185914,1514.607455,2282.527038,2059.085692,1496.650878,2031.466134,2206.417455,2164.646537,1556.439739,2010.188238,2264.047691,2107.064948,1668.319015,1705.105136,1834.951928,1810.671617,412.606454,924.926983,1812.220033,1923.034549,1229.814684,1619.429669,1176.704909,1184.657028,1209.053678,1645.629793,1329.939654,1335.962833,1365.097146,1750.736769,1002.765867,1399.356632,725.1709643,1966.613167,872.2461781,749.1270775,1459.457525,1905.049764,1858.771576,733.6209586,1315.074326,746.0298327,599.7477897,445.5425555,1161.00258,792.480308,1704.561684,401.498219,858.1232866,426.4992436,945.5310042,227.0076024,462.2348002,1553.777606,130.1741044,542.4255177,835.3736681,1088.299261,604.7216247,1526.524361,0,779.8294758,374.6093206,719.5374538,223.5306206,1343.152363,636.1030674,1417.490138,366.3406976,2202.764266,606.6234704,330.1601266,1684.057217,591.3773907,2050.552452,1932.69109,2107.312565,2450.51552
928.1268503,781.9468378,1204.303811,1043.588249,746.1363995,910.3506768,1259.592717,1056.274856,940.9327278,1575.538721,1402.428238,1028.891328,1421.759688,1576.117118,1547.115729,1191.38957,1462.520969,1662.688732,1573.293883,1382.57732,1398.00274,1463.867172,1534.746632,973.4142683,961.2842604,1314.447527,1268.482456,938.7105324,1306.770518,1371.942883,1306.439661,1243.580576,1153.124183,1018.368825,946.072002,880.9049348,1114.908394,779.7957632,844.5674887,1033.030875,1263.814874,704.0696991,781.719821,830.3016792,1195.328594,1141.588604,640.6186374,669.753621,507.2062038,606.598074,873.6116692,493.2911222,379.8754027,953.7214251,606.1106558,274.5141119,463.0420207,232.324182,658.2931767,382.6882372,782.1136768,705.1772411,253.220816,82.062604,310.9710527,176.6728206,746.8265987,779.8294758,0,405.6980086,97.94869515,624.4192027,576.3517222,272.5964822,657.8796592,549.767662,1430.587478,371.6734222,835.0847927,938.2920043,499.7632361,1292.709044,1179.282926,1357.717206,1719.794491
1302.006499,480.3211661,1586.692071,1406.922526,560.0056521,1211.701601,1596.267622,1358.232265,1201.944682,1930.588522,1724.017078,1222.713613,1713.448325,1882.133885,1844.860982,1325.74397,1715.627555,1951.228246,1819.146608,1475.042096,1503.541957,1609.139946,1625.511452,617.187103,844.6316647,1554.73092,1602.049787,1040.866556,1437.702682,1226.354706,1195.541614,1175.817513,1386.799213,1137.362922,1109.685466,1101.067519,1435.46664,827.0945627,1108.666621,808.6168808,1626.224687,707.2433629,671.9317407,1142.010614,1561.491925,1511.939555,583.5796072,988.3903335,523.4627186,473.9344837,574.5573282,822.398136,504.3217507,1343.549729,342.0044926,524.287607,227.4475744,586.5332454,296.6194422,184.9426754,1183.910804,314.1398619,184.815906,464.9464725,715.47624,232.551207,1152.517502,374.6093206,405.6980086,0,346.6601083,240.1058724,970.3174201,298.0285892,1046.395741,238.5244246,1829.470684,313.6271812,480.4630521,1317.435668,373.8915,1681.191156,1564.465539,1747.850177,2090.697438
958.9822039,688.5649149,1241.676934,1067.940118,648.1916629,903.3544116,1270.270983,1050.576852,918.6789031,1596.273969,1406.615884,986.4126174,1413.783091,1574.281254,1541.915808,1135.367589,1441.018364,1654.336126,1549.896962,1318.924761,1337.129507,1412.226773,1471.60188,885.5900243,866.5943128,1409.936325,1365.637007,1015.71669,1390.60911,1405.300984,1347.028846,1292.730942,1247.773791,1098.722022,1032.151978,973.2741186,1212.699557,845.0432178,940.6035339,1043.77221,1357.968616,759.0529649,814.8895641,928.2400131,1288.949455,1234.496141,680.9484497,767.6940935,557.3320815,628.5161834,861.5252249,591.2337348,445.731375,1041.205544,596.3320177,360.0615846,450.5423916,330.2604065,622.4236844,368.1430961,861.9886988,657.542562,231.2822545,180.0098021,390.6511781,146.1790594,816.0753926,719.5374538,97.94869515,346.6601083,0,548.0862214,623.8141732,174.647952,699.8496498,461.979785,1483.277209,273.7251845,748.1518504,972.9195812,401.8152602,1335.003278,1218.803964,1444.115972,1749.819707
1468.761462,283.7563565,1757.788171,1562.976072,443.1209658,1328.479168,1728.109787,1470.784834,1293.842052,2072.826835,1842.465186,1273.122559,1810.777164,1986.747528,1944.128247,1335.912619,1786.978787,2042.338588,1883.591888,1454.29844,1489.573731,1615.66313,1598.842349,379.2161963,735.846793,1785.966049,1842.152798,1247.875668,1644.890631,1321.253308,1311.452331,1314.577248,1617.91041,1346.571557,1330.307536,1332.421605,1675.45961,1026.217717,1345.629714,876.2768855,1864.621634,899.5872307,822.2078457,1381.980046,1799.29139,1748.96671,765.7205241,1228.491687,734.7115855,639.3939487,604.8991102,1062.005164,737.0940178,1574.58051,458.7609128,764.3866965,407.4137971,821.9718817,318.5217108,401.1327773,1406.414078,260.0360028,424.601995,692.2150313,934.714519,462.2759674,1364.14267,223.5306206,624.4192027,240.1058724,548.0862214,0,1161.792706,434.414003,1231.005398,142.8107183,2019.541386,390.8108313,245.7217975,1488.672383,367.8478689,1858.079443,1738.708606,1979.099792,2246.014767
371.1891251,1240.14632,631.3703195,499.1417708,1114.981769,520.4321864,749.0416905,634.0530052,630.2690135,1027.033081,908.9809203,822.7392716,977.4600629,1098.711128,1084.469253,1048.530465,1080.649447,1208.506444,1193.993332,1272.150999,1265.295775,1259.992926,1406.491172,1461.672211,1209.524105,1326.136119,1076.162057,1223.35621,1494.804973,1837.024847,1749.094221,1655.757567,1203.142877,1267.156339,1150.543635,1015.543296,983.8646838,1155.457381,910.6680929,1564.200829,982.77874,1133.598996,1273.060586,795.895214,910.3473967,848.9881703,1123.845992,683.0850876,978.6964405,1133.493442,1438.833302,585.8946293,826.692822,604.8019937,1173.084818,675.9866698,1034.305925,527.680727,1234.621864,956.2518464,382.637313,1278.566094,829.5576114,547.6621313,321.192961,751.2201306,263.2359502,1343.152363,576.3517222,970.3174201,623.8141732,1161.792706,0,733.4174579,88.61295282,1054.058354,859.6807562,805.634223,1331.883873,372.5307901,906.5518486,716.5727941,604.6527004,954.7362964,1152.928337
1034.582799,526.3650867,1323.427815,1130.915718,473.5501741,916.6836433,1307.042065,1062.578773,903.9172594,1646.732115,1430.394415,931.2623156,1415.955912,1585.684924,1547.655541,1050.468754,1418.339314,1653.394354,1522.590671,1216.445793,1240.078586,1332.738352,1368.873672,735.5924596,699.8526022,1581.021488,1539.074834,1161.088343,1544.405161,1479.429725,1433.561893,1393.526347,1417.738584,1248.44159,1190.357595,1140.394177,1387.102349,975.3070072,1112.731477,1085.205083,1526.939869,876.1821026,898.1550892,1102.878306,1457.192271,1401.75161,778.9827298,942.3351988,673.6002541,700.9929279,867.8300192,765.8774935,586.0668227,1201.059744,618.6535078,523.6127522,480.2041918,504.9013321,594.6296662,404.9196049,1012.130254,603.9068325,286.9363293,354.6576621,547.4824532,227.0235514,951.9052988,636.1030674,272.5964822,298.0285892,174.647952,434.414003,733.4174579,0,799.0702033,320.6921827,1587.605067,99.0776207,601.8472918,1054.262518,227.1679146,1423.747485,1304.301394,1601.306673,1814.912274
282.5914046,1295.370902,546.7871261,410.7095342,1158.81885,459.8100412,662.565767,562.5786607,581.0903175,938.5079711,823.6076653,785.4329967,897.6671319,1014.310331,1001.759214,1015.488443,1008.778918,1126.241693,1121.482947,1239.904431,1229.648208,1213.237225,1369.494768,1519.913418,1233.855904,1383.009725,1108.528788,1305.359346,1567.908802,1925.210974,1836.761865,1742.495751,1265.955725,1346.587466,1227.899334,1089.201974,1027.95516,1242.091145,980.2166368,1652.287097,1001.109671,1221.740372,1361.664415,857.9964625,929.7571493,868.6499069,1212.449167,754.1433045,1067.296846,1221.371449,1524.216617,666.9762777,915.2970214,621.9504136,1257.951924,764.5854836,1118.153301,616.2829311,1315.397874,1039.373783,403.3967324,1356.715634,910.928565,632.9767648,409.7974703,831.1937631,268.4326647,1417.490138,657.8796592,1046.395741,699.8496498,1231.005398,88.61295282,799.0702033,0,1118.636687,788.654349,865.7817546,1392.55749,284.8298529,960.3456427,635.6984451,521.4041352,946.0437914,1066.409771
1346.298617,247.5862774,1636.070727,1435.992267,334.8262698,1191.67628,1593.52668,1332.802648,1153.252699,1940.257821,1704.850104,1130.318009,1670.078796,1846.774629,1803.529536,1195.714046,1644.386243,1900.837149,1740.812592,1319.403666,1353.405178,1476.353755,1465.532828,423.8421238,627.4131754,1783.167135,1802.598871,1279.356527,1676.099366,1423.963723,1404.743982,1396.192113,1615.668894,1375.701698,1345.71425,1330.373907,1641.018493,1065.24246,1329.420761,986.9853735,1810.420166,944.229083,894.9320041,1349.104225,1742.897142,1690.086448,817.6732697,1191.439972,761.9778002,701.3352953,724.4110229,1019.061222,735.3211853,1502.615825,542.0430732,733.9198605,455.7373255,766.5692487,430.6040916,423.1808227,1323.029117,390.0867461,399.215185,625.4019241,852.4698983,410.4542322,1269.736865,366.3406976,549.767662,238.5244246,461.979785,142.8107183,1054.058354,320.6921827,1118.636687,0,1906.643045,259.5892435,286.180119,1368.05536,225.0442729,1738.69335,1618.463385,1905.936129,2117.132873
589.6474267,2074.512652,331.8649637,560.4662791,1919.471,908.3553672,646.4781498,863.3458527,1046.173018,551.5641857,744.5176849,1262.128621,917.9694191,884.0638164,920.9382922,1474.808422,1118.36253,1017.804125,1192.099582,1673.69919,1641.152156,1541.908532,1754.562685,2302.121482,1941.100166,1624.533864,1182.04878,1830.694004,1959.762098,2551.284133,2445.334734,2328.269588,1581.575884,1834.115816,1701.000621,1538.152737,1221.582393,1848.289129,1405.725154,2355.718116,988.7057195,1869.159628,2042.769249,1243.91913,952.3349726,918.1186535,1898.254531,1238.484286,1758.803374,1938.148189,2269.199611,1256.920143,1612.407789,786.7637446,2009.43927,1470.200696,1877.35152,1330.437721,2086.881134,1802.927526,761.0257652,2135.548169,1682.274195,1390.818647,1140.136626,1607.004796,714.3742092,2202.764266,1430.587478,1829.470684,1483.277209,2019.541386,859.6807562,1587.605067,788.654349,1906.643045,0,1651.818826,2177.627813,557.5744187,1739.692992,220.6867025,327.4087231,725.8306941,492.4729454
1087.363661,438.79708,1377.228219,1176.40822,374.4752498,938.3837685,1337.299161,1081.596893,910.1076287,1682.438766,1452.736671,913.0952484,1426.379525,1600.270627,1559.277785,1012.258655,1414.579828,1660.698278,1515.504937,1165.655705,1192.593978,1295.640632,1317.043611,656.1643699,607.1077002,1678.465738,1637.543617,1247.069338,1633.665484,1529.067974,1489.817218,1457.188407,1514.702789,1336.226685,1282.133313,1236.21224,1486.049872,1055.122351,1210.74953,1120.511796,1623.25295,950.7313039,956.6819341,1201.954211,1553.182238,1497.297729,845.8982166,1041.411917,749.9088798,757.3580198,887.1478317,864.9548213,673.0138646,1293.325454,652.4196628,619.1806961,523.1544133,603.9783704,601.6041039,455.482165,1100.374512,594.8560658,354.9286763,453.734985,640.4542446,309.6405395,1033.96938,606.6234704,371.6734222,313.6271812,273.7251845,390.8108313,805.634223,99.0776207,865.7817546,259.5892435,1651.818826,0,526.8271422,1109.736087,128.0902939,1480.621695,1360.123694,1691.867085,1857.824866
1607.191342,142.6434752,1896.815849,1688.519705,370.3235156,1418.704849,1825.481522,1553.121896,1360.112987,2176.84358,1924.016642,1298.372136,1870.771808,2051.732349,2004.101364,1318.014168,1820.514076,2092.432852,1908.349189,1401.002566,1442.279683,1586.247107,1535.829196,139.0049481,624.2775388,2031.48284,2078.03558,1490.173075,1886.590935,1505.610313,1509.447836,1526.017027,1863.427368,1589.302382,1575.508335,1577.863588,1913.452122,1266.867703,1588.997293,1054.251891,2092.362674,1138.833625,1046.590169,1620.30011,2025.537715,1973.456627,1002.942264,1464.855005,979.2486451,873.2665641,774.7362545,1295.278037,982.0111815,1788.48485,683.2337342,1002.244951,650.0655315,1047.507879,521.5836919,646.8537189,1609.002536,436.5922101,661.7928979,909.3723443,1138.64259,687.7507431,1553.553124,330.1601266,835.0847927,480.4630521,748.1518504,245.7217975,1331.883873,601.8472918,1392.55749,286.180119,2177.627813,526.8271422,0,1631.535194,444.0459834,2002.449389,1881.426773,2191.985416,2362.742599
40.62981267,1523.280408,269.5979611,149.2148097,1362.71393,402.744396,415.0547834,429.1709955,549.2045157,656.5052079,580.4484391,774.9643941,689.4565293,774.1515739,772.8193571,1005.066992,839.280381,897.6735053,945.1665455,1222.908308,1201.010353,1144.175882,1331.682797,1752.567691,1387.939293,1552.595871,1210.116815,1556.56687,1787.092854,2201.668208,2110.030292,2011.119201,1455.79785,1588.614508,1463.949981,1315.109618,1167.36453,1511.288284,1195.539368,1936.70497,1064.516715,1498.560079,1643.829775,1054.972994,1000.075646,943.2485439,1494.684709,979.1114867,1349.658297,1506.014391,1807.88142,921.6896345,1197.652256,709.6557346,1541.189811,1047.157462,1400.362872,898.9241166,1593.203469,1320.806518,533.9590722,1630.221545,1190.372358,917.0160846,692.6835209,1109.016058,403.0566706,1684.057217,938.2920043,1317.435668,972.9195812,1488.672383,372.5307901,1054.262518,284.8298529,1368.05536,557.5744187,1109.736087,1631.535194,0,1189.877852,371.0055934,250.4113193,927.6688345,782.3331971
1164.582343,335.2231314,1453.856499,1244.482679,246.3916558,980.6656412,1385.967625,1118.78013,933.7620975,1735.909318,1490.912516,905.2749219,1449.813655,1627.894638,1583.391476,975.6376007,1419.987681,1678.78252,1515.922914,1109.700705,1141.068803,1257.665704,1258.461625,562.7917873,490.885995,1804.708003,1764.947791,1360.8701,1750.629783,1600.066675,1568.842313,1545.031244,1640.435179,1451.873403,1402.257244,1360.780586,1613.995629,1162.710674,1337.701388,1176.998629,1748.227168,1053.121373,1041.482038,1330.042665,1677.812857,1621.450769,940.8563061,1169.50127,855.5092554,841.9974737,927.3398449,993.0448232,789.6681884,1413.976001,714.3085076,744.095541,598.7506097,732.068145,633.8861579,541.1149124,1216.933179,607.3919189,459.884602,581.8250441,762.9321597,426.9614905,1144.063582,591.3773907,499.7632361,373.8915,401.8152602,367.8478689,906.5518486,227.1679146,960.3456427,225.0442729,1739.692992,128.0902939,444.0459834,1189.877852,0,1560.414251,1439.208914,1810.268969,1919.471136
396.2390497,1893.245733,114.5695124,345.5511619,1728.148768,691.7502994,435.4511788,642.6717143,827.3921845,432.2651606,552.1929622,1041.916333,719.8382719,712.9299726,741.1461005,1254.135642,915.7256417,849.0595805,997.0312766,1453.756885,1421.778991,1326.004925,1536.792194,2122.926133,1734.639877,1670.621662,1257.158448,1798.64128,1970.621676,2490.822337,2390.934576,2281.39715,1606.260931,1814.069759,1682.9079,1523.480604,1266.564823,1789.248346,1393.916507,2261.158217,1075.864232,1795.151018,1956.625891,1236.960386,1027.464241,983.1143888,1809.006548,1203.082436,1665.898536,1835.11609,2152.185424,1190.51742,1515.605979,804.1549,1887.753968,1368.043752,1750.307368,1222.592962,1950.770433,1672.692605,716.7320543,1992.261059,1545.924171,1262.67623,1021.87209,1466.761325,632.8348838,2050.552452,1292.709044,1681.191156,1335.003278,1858.079443,716.5727941,1423.747485,635.6984451,1738.69335,220.6867025,1480.621695,2002.449389,371.0055934,1560.414251,0,121.3584153,849.7287388,467.7485692
274.8878431,1771.927785,37.51893348,233.5755139,1607.038879,581.5255682,381.2183105,546.9912258,721.0698447,476.6161112,522.7987137,940.0582518,677.4822176,701.3950772,720.0541408,1158.025669,863.7144143,836.3950847,953.977596,1363.401836,1333.95819,1248.24373,1453.794052,2001.663045,1616.762205,1634.276787,1240.789628,1722.984225,1914.394564,2401.01445,2303.772684,2197.611235,1559.143922,1743.808302,1614.254316,1457.475865,1233.419541,1701.982222,1330.325302,2159.107849,1069.110971,1701.831411,1858.214222,1177.335324,1014.73651,965.5998847,1709.866207,1130.15642,1565.876958,1731.044345,2043.059482,1103.757672,1414.718896,765.385065,1777.647668,1265.852426,1638.887244,1119.093033,1836.612207,1560.514185,648.6527861,1876.331057,1432.317396,1152.194633,915.9146322,1352.288805,548.9312516,1932.69109,1179.282926,1564.465539,1218.803964,1738.708606,604.6527004,1304.301394,521.4041352,1618.463385,327.4087231,1360.123694,1881.426773,250.4113193,1439.208914,121.3584153,0,869.5026943,556.5127313
967.4018621,2127.64905,901.3218652,1038.366692,2040.283969,1323.125435,1249.594221,1354.642325,1467.51377,1265.498555,1390.681549,1690.910356,1546.66808,1561.198295,1585.655978,1923.702716,1728.515018,1697.347078,1822.338943,2145.043135,2125.776997,2071.491014,2258.341561,2329.687154,2161.670209,967.1444568,497.3492435,1346.455503,1358.903703,2107.269616,1988.266659,1855.169967,971.1968858,1316.525992,1188.821839,1032.87202,598.2111406,1442.586505,909.3670629,2028.919786,299.451213,1509.135788,1708.228861,761.0223072,298.6570605,303.8140118,1586.322121,845.4090445,1473.443282,1670.651877,2027.511204,961.2143662,1358.461883,404.5267362,1804.431216,1256.445686,1704.874788,1162.703739,1932.178141,1650.4394,594.7374896,2006.668053,1567.658425,1286.952928,1054.746213,1517.548308,691.7260908,2107.312565,1357.717206,1747.850177,1444.115972,1979.099792,954.7362964,1601.306673,946.0437914,1905.936129,725.8306941,1691.867085,2191.985416,927.6688345,1810.268969,849.7287388,869.5026943,0,1215.623599
791.8591108,2241.471557,525.1298933,684.3349027,2052.860639,956.3035327,557.2484827,843.7317972,1053.193891,220.7326857,533.0713883,1221.355502,689.7597178,566.4973226,623.3991946,1385.38904,882.3853618,673.2192567,914.8190372,1541.790948,1498.473236,1359.542386,1582.610785,2472.663247,2002.882848,2109.802714,1673.436374,2266.150455,2428.698678,2956.015787,2857.32381,2748.73902,2057.56291,2280.289637,2148.664711,1988.352646,1705.400243,2255.473817,1857.902876,2713.990868,1480.985223,2257.950115,2414.549518,1699.288211,1443.202157,1406.795134,2266.078933,1670.408601,2121.895168,2284.79003,2590.213636,1656.68265,1970.513514,1255.052409,2323.493999,1821.199378,2182.366157,1673.905933,2371.951829,2102.474208,1183.822016,2404.699608,1970.995552,1699.237018,1469.411636,1888.725134,1099.252321,2450.51552,1719.794491,2090.697438,1749.819707,2246.014767,1152.928337,1814.912274,1066.409771,2117.132873,492.4729454,1857.824866,2362.742599,782.3331971,1919.471136,467.7485692,556.5127313,1215.623599,0
